user_type,avg_interval_time,active_days,post_num,similarity_degree
1,175,5,6,1
0,-1,2,2,0
0,-1,1,1,0
0,-1,1,1,0
0,-1,1,1,0
0,-1,1,1,0
0,-1,1,1,0
0,-1,1,1,0
0,-1,1,1,0
0,-1,1,1,0
0,-1,1,1,0
0,-1,1,1,0
0,-1,1,1,0
0,-1,2,2,0
0,66455,4,4,0
1,10339,3,5,1
0,-1,3,3,0
1,-1,3,3,0.8
0,-1,1,1,0
0,-1,1,1,0
1,62,1,2,0
0,-1,2,2,0
0,-1,1,1,0
0,-1,1,1,0
0,-1,1,1,0
0,-1,6,6,0
0,-1,1,1,0
0,-1,2,2,0
0,-1,2,2,0
0,-1,2,2,0
0,-1,1,1,0
0,-1,1,1,0
0,-1,1,1,0
0,-1,1,1,0
0,1404,8,9,0
0,-1,2,2,0
1,90,1,2,0
0,-1,1,1,0
0,-1,1,1,0
0,-1,1,1,0
0,5725.5,2,4,0
0,-1,1,1,0
0,-1,1,1,0
0,-1,1,1,0
0,-1,1,1,0
0,-1,1,1,0
0,-1,1,1,0
0,-1,1,1,0
0,-1,4,4,0
0,-1,1,1,0
0,-1,1,1,0
0,-1,2,2,0
0,-1,1,1,0
0,-1,1,1,0
0,-1,7,7,0
0,-1,1,1,0
0,-1,2,2,0
1,32,10,12,0
0,-1,2,2,0
0,-1,1,1,0
0,-1,1,1,0
0,-1,1,1,0
0,-1,2,2,0
0,-1,2,2,0
0,-1,1,1,0
0,-1,1,1,0
0,-1,1,1,0
0,-1,1,1,0
0,-1,1,1,0
0,-1,1,1,0
0,-1,2,2,0
0,336,2,3,0
0,54451,10,11,0
0,-1,2,2,0
0,-1,1,1,0
0,-1,1,1,0
0,-1,1,1,0
0,-1,1,1,0
0,-1,1,1,0
0,-1,1,1,0
1,1065,3,4,1
0,-1,2,2,0
0,-1,1,1,0
0,-1,1,1,0
0,-1,1,1,0
0,-1,1,1,0
0,-1,1,1,0
1,23,4,5,0
0,45973,3,3,0
0,-1,1,1,0
0,-1,1,1,0
0,-1,2,2,0
0,-1,2,2,0
0,-1,1,1,0
0,-1,1,1,0
0,-1,2,2,0
0,-1,3,3,0
0,-1,1,1,0
0,-1,1,1,0
0,588,3,4,0
0,-1,1,1,0
0,-1,1,1,0
0,-1,1,1,0
0,-1,1,1,0
0,-1,1,1,0
0,14578,1,2,0
0,-1,1,1,0
0,-1,1,1,0
0,-1,1,1,0
0,-1,1,1,0
0,-1,1,1,0
0,-1,1,1,0
0,-1,1,1,0
0,-1,1,1,0
0,-1,1,1,0
0,-1,1,1,0
1,25,2,3,0
0,-1,1,1,0
0,-1,1,1,0
0,-1,1,1,0
0,20747,5,6,0
0,-1,2,2,0
0,-1,1,1,0
0,-1,1,1,0
0,24963,6,7,0
0,-1,1,1,0
0,-1,2,2,0
0,838,1,2,0
0,-1,1,1,0
0,-1,2,2,0
0,-1,1,1,0
0,-1,1,1,0
0,-1,1,1,0
0,-1,1,1,0
0,-1,2,2,0
0,-1,1,1,0
0,-1,1,1,0
0,-1,1,1,0
0,-1,1,1,0
0,-1,1,1,0
0,-1,1,1,0
0,-1,1,1,0
0,-1,1,1,0
0,-1,1,1,0
0,-1,1,1,0
0,-1,1,1,0
0,-1,1,1,0
0,-1,1,1,0
0,-1,1,1,0
0,-1,1,1,0
0,-1,1,1,0
0,-1,1,1,0
0,-1,2,2,0
0,-1,3,3,0
1,132,2,3,1
0,-1,1,1,0
0,-1,1,1,0
0,-1,1,1,0
0,-1,1,1,0
0,-1,2,2,0
0,-1,1,1,0
0,-1,1,1,0
0,-1,1,1,0
0,-1,1,1,0
0,-1,1,1,0
0,-1,1,1,0
0,-1,1,1,0
0,-1,2,2,0
0,-1,1,1,0
0,-1,1,1,0
0,-1,1,1,0
0,-1,1,1,0
0,-1,1,1,0
0,-1,1,1,0
0,-1,1,1,0
0,-1,1,1,0
0,-1,1,1,0
0,-1,1,1,0
0,-1,1,1,0
1,24,1,4,0
0,-1,1,1,0
0,-1,1,1,0
0,-1,1,1,0
0,-1,1,1,0
0,-1,1,1,0
0,-1,1,1,0
1,7,1,2,0
1,4.5,1,3,1
0,-1,1,1,0
0,-1,1,1,0
0,-1,1,1,0
0,-1,1,1,0
1,10,1,3,1
0,-1,1,1,0
0,-1,1,1,0
0,-1,1,1,0
0,-1,1,1,0
0,-1,1,1,0
0,-1,2,2,0
0,-1,1,1,0
0,-1,1,1,0
0,-1,1,1,0
0,-1,1,1,0
1,80.5,1,3,1
0,-1,1,1,0
0,-1,1,1,0
0,-1,1,1,0
0,-1,1,1,0
0,-1,1,1,0
0,-1,1,1,0
0,-1,1,1,0
0,-1,1,1,0
0,-1,1,1,0
0,-1,1,1,0
0,-1,1,1,0
1,33,1,2,0
0,-1,1,1,0
0,-1,1,1,0
0,-1,1,1,0
0,-1,7,7,0
0,-1,1,1,0
0,-1,1,1,0
0,-1,1,1,0
0,-1,1,1,0
0,-1,1,1,0
0,-1,1,1,0
0,-1,1,1,0
1,55,1,3,0
0,-1,1,1,0
0,-1,1,1,0
0,-1,1,1,0
0,-1,1,1,0
0,-1,1,1,0
0,-1,1,1,0
0,-1,1,1,0
0,-1,3,3,0
0,-1,2,2,0
0,-1,1,1,0
0,-1,1,1,0
0,-1,1,1,0
0,-1,1,1,0
0,-1,1,1,0
0,-1,4,4,0
0,-1,1,1,0
0,-1,1,1,0
0,-1,2,2,0
0,-1,1,1,0
1,32,1,2,0
0,-1,1,1,0
0,-1,1,1,0
0,-1,1,1,0
0,-1,2,2,0
0,-1,1,1,0
0,-1,3,3,0
0,-1,1,1,0
0,-1,1,1,0
0,-1,1,1,0
0,-1,1,1,0
0,-1,1,1,0
0,-1,1,1,0
0,-1,1,1,0
0,-1,1,1,0
0,-1,1,1,0
0,-1,1,1,0
1,44,1,2,0
0,-1,1,1,0
1,34,1,2,0
0,-1,1,1,0
0,-1,1,1,0
1,4.5,1,3,0
0,-1,1,1,0
0,-1,1,1,0
0,-1,1,1,0
0,-1,1,1,0
0,-1,1,1,0
0,-1,1,1,0
0,-1,1,1,0
0,-1,1,1,0
0,-1,1,1,0
0,-1,1,1,0
0,-1,1,1,0
0,-1,1,1,0
0,-1,1,1,0
0,-1,3,3,0
0,-1,1,1,0
0,-1,1,1,0
0,-1,1,1,0
1,118,1,2,0
0,-1,1,1,0
0,-1,2,2,0
0,-1,1,1,0
0,-1,1,1,0
0,-1,1,1,0
0,-1,1,1,0
0,-1,1,1,0
0,-1,1,1,0
0,-1,1,1,0
0,-1,1,1,0
0,-1,1,1,0
0,-1,1,1,0
0,-1,1,1,0
0,-1,2,2,0
0,-1,3,3,0
0,-1,3,3,0
0,-1,1,1,0
0,-1,1,1,0
0,-1,1,1,0
0,-1,1,1,0
0,-1,1,1,0
0,-1,1,1,0
0,-1,1,1,0
0,-1,1,1,0
0,-1,1,1,0
0,-1,1,1,0
0,-1,1,1,0
0,-1,1,1,0
0,-1,1,1,0
0,-1,1,1,0
0,-1,1,1,0
0,-1,1,1,0
0,-1,1,1,0
0,-1,2,2,0
0,-1,1,1,0
0,-1,2,2,0
0,-1,1,1,0
0,-1,1,1,0
0,-1,1,1,0
0,-1,1,1,0
0,-1,1,1,0
0,-1,1,1,0
0,-1,1,1,0
0,-1,1,1,0
0,-1,1,1,0
0,-1,1,1,0
0,-1,1,1,0
0,53958,6,6,0
0,-1,3,3,0
0,-1,1,1,0
0,-1,1,1,0
0,-1,1,1,0
1,17,1,2,0
0,-1,1,1,0
0,-1,1,1,0
0,-1,1,1,0
0,-1,2,2,0
0,-1,1,1,0
0,-1,1,1,0
0,-1,1,1,0
0,-1,1,1,0
0,-1,1,1,0
0,-1,2,2,0
0,-1,1,1,0
0,-1,1,1,0
0,-1,1,1,0
0,-1,1,1,0
0,-1,1,1,0
0,-1,1,1,0
0,-1,1,1,0
0,-1,1,1,0
0,-1,2,2,0
0,-1,2,2,0
0,-1,1,1,0
0,-1,1,1,0
0,-1,1,1,0
0,-1,1,1,0
1,8.5,1,3,0
1,17,1,2,0
0,-1,1,1,0
0,-1,1,1,0
0,-1,1,1,0
0,-1,1,1,0
0,-1,1,1,0
1,56,1,4,0
0,-1,1,1,0
0,-1,2,2,0
0,-1,1,1,0
0,-1,1,1,0
0,-1,1,1,0
0,-1,1,1,0
0,-1,1,1,0
0,-1,1,1,0
0,-1,1,1,0
0,-1,1,1,0
0,-1,1,1,0
1,0,1,6,1
1,0,1,6,1
1,0,1,6,1
1,0,1,6,1
1,0,1,6,1
1,0,1,6,1
1,0,1,6,1
1,0,1,6,1
1,0,1,6,1
1,0,1,6,1
0,-1,1,1,0
1,2469.5,4,6,1
0,-1,1,1,0
0,-1,1,1,0
0,-1,2,2,0
0,-1,1,1,0
0,-1,1,1,0
0,58141.5,6,7,0
0,-1,2,2,0
0,-1,1,1,0
0,-1,1,1,0
0,-1,1,1,0
0,-1,1,1,0
0,-1,1,1,0
1,40682,2,3,1
0,-1,1,1,0
0,-1,1,1,0
0,-1,1,1,0
0,-1,1,1,0
0,-1,1,1,0
0,-1,1,1,0
0,-1,1,1,0
0,-1,1,1,0
0,-1,1,1,0
0,-1,1,1,0
0,-1,1,1,0
0,10761.66667,5,11,0
0,-1,1,1,0
0,-1,1,1,0
0,2750,2,3,0
0,-1,1,1,0
0,-1,3,3,0
0,-1,3,3,0
0,-1,1,1,0
0,-1,1,1,0
0,-1,1,1,0
0,-1,1,1,0
0,28387,6,8,0
0,-1,1,1,0
0,-1,1,1,0
0,-1,1,1,0
0,-1,1,1,0
0,-1,1,1,0
0,-1,1,1,0
1,-1,4,4,1
0,-1,1,1,0
0,-1,1,1,0
0,-1,1,1,0
0,-1,1,1,0
0,-1,1,1,0
0,-1,1,1,0
0,-1,1,1,0
1,85442,4,4,1
0,-1,1,1,0
0,-1,4,4,0
0,-1,1,1,0
0,-1,1,1,0
0,-1,1,1,0
0,-1,1,1,0
0,-1,1,1,0
0,-1,1,1,0
0,-1,1,1,0
0,-1,1,1,0
0,6166,1,2,0
0,-1,1,1,0
0,-1,1,1,0
0,-1,1,1,0
0,-1,2,2,0
0,-1,1,1,0
0,-1,1,1,0
0,-1,1,1,0
0,-1,1,1,0
0,-1,1,1,0
0,-1,1,1,0
0,-1,1,1,0
0,-1,1,1,0
0,-1,1,1,0
0,-1,1,1,0
0,593,1,2,0
0,-1,1,1,0
0,-1,2,2,0
0,-1,1,1,0
0,-1,1,1,0
0,-1,2,2,0
0,-1,1,1,0
1,27,1,2,0
0,-1,1,1,0
0,-1,1,1,0
0,-1,1,1,0
0,-1,1,1,0
0,-1,2,2,0
0,-1,1,1,0
0,82603,6,6,0
0,-1,2,2,0
0,-1,1,1,0
0,-1,1,1,0
0,-1,1,1,0
0,-1,1,1,0
0,-1,1,1,0
0,-1,1,1,0
0,-1,1,1,0
0,-1,1,1,0
0,-1,1,1,0
0,-1,1,1,0
1,22913.28571,15,26,0.8
0,-1,1,1,0
0,-1,1,1,0
0,-1,1,1,0
0,-1,1,1,0
0,-1,1,1,0
0,-1,1,1,0
0,-1,1,1,0
0,-1,1,1,0
0,-1,1,1,0
0,-1,1,1,0
0,-1,1,1,0
0,-1,4,4,0
0,-1,1,1,0
0,-1,1,1,0
0,-1,1,1,0
0,-1,1,1,0
0,-1,1,1,0
0,-1,1,1,0
0,-1,1,1,0
0,-1,2,2,0
0,-1,1,1,0
0,-1,1,1,0
1,77,1,2,0
0,-1,1,1,0
0,-1,1,1,0
0,-1,1,1,0
0,-1,1,1,0
0,-1,1,1,0
0,-1,1,1,0
0,-1,1,1,0
0,-1,1,1,0
0,-1,1,1,0
0,-1,1,1,0
0,-1,1,1,0
0,-1,1,1,0
0,-1,1,1,0
0,-1,1,1,0
0,-1,1,1,0
0,-1,1,1,0
0,-1,1,1,0
0,-1,1,1,0
0,-1,1,1,0
0,-1,1,1,0
0,-1,1,1,0
0,-1,1,1,0
0,-1,1,1,0
0,-1,1,1,0
0,-1,1,1,0
0,-1,1,1,0
0,-1,1,1,0
0,-1,1,1,0
0,-1,1,1,0
0,-1,1,1,0
0,-1,1,1,0
0,-1,1,1,0
0,-1,1,1,0
0,-1,1,1,0
0,-1,1,1,0
0,-1,1,1,0
0,-1,1,1,0
0,-1,1,1,0
0,-1,1,1,0
0,-1,1,1,0
0,-1,1,1,0
0,-1,1,1,0
0,-1,1,1,0
0,-1,1,1,0
0,-1,1,1,0
0,-1,1,1,0
0,-1,1,1,0
0,-1,1,1,0
0,-1,1,1,0
0,-1,1,1,0
0,-1,1,1,0
0,-1,1,1,0
0,-1,1,1,0
0,-1,1,1,0
0,-1,1,1,0
0,-1,1,1,0
0,-1,1,1,0
0,-1,1,1,0
0,-1,1,1,0
0,-1,1,1,0
0,-1,1,1,0
0,-1,1,1,0
0,-1,1,1,0
0,-1,1,1,0
0,-1,1,1,0
0,-1,1,1,0
0,-1,1,1,0
0,-1,1,1,0
0,-1,1,1,0
0,-1,1,1,0
0,-1,1,1,0
0,-1,1,1,0
0,-1,1,1,0
0,-1,1,1,0
0,-1,3,3,0
0,-1,1,1,0
0,-1,1,1,0
0,-1,1,1,0
0,-1,1,1,0
0,-1,1,1,0
0,-1,1,1,0
0,-1,1,1,0
0,-1,1,1,0
0,-1,1,1,0
0,-1,2,2,0
0,-1,1,1,0
0,-1,1,1,0
0,-1,1,1,0
0,-1,2,2,0
0,-1,1,1,0
0,420,1,2,0
0,-1,1,1,0
0,-1,1,1,0
0,-1,1,1,0
0,-1,1,1,0
0,-1,1,1,0
0,-1,1,1,0
0,-1,1,1,0
0,-1,1,1,0
0,-1,1,1,0
0,-1,1,1,0
0,-1,1,1,0
1,32,4,5,0
0,-1,1,1,0
0,-1,1,1,0
0,-1,1,1,0
0,-1,1,1,0
0,-1,1,1,0
0,-1,1,1,0
0,-1,1,1,0
0,-1,1,1,0
0,-1,1,1,0
0,-1,1,1,0
0,-1,3,3,0
0,-1,1,1,0
0,1768,2,4,0
0,-1,1,1,0
0,-1,1,1,0
0,-1,1,1,0
0,-1,1,1,0
0,-1,1,1,0
0,-1,1,1,0
0,-1,1,1,0
1,16,1,2,0
0,-1,1,1,0
0,-1,3,3,0
0,-1,4,4,0
0,-1,2,2,0
0,-1,2,2,0
0,-1,2,2,0
0,13176.5,6,8,0
0,-1,3,3,0
0,-1,1,1,0
1,66,2,3,0
0,-1,1,1,0
0,-1,1,1,0
0,-1,1,1,0
0,-1,1,1,0
0,-1,1,1,0
0,-1,1,1,0
0,-1,1,1,0
0,-1,2,2,0
0,-1,1,1,0
0,-1,2,2,0
0,-1,1,1,0
0,-1,1,1,0
0,-1,1,1,0
0,-1,1,1,0
0,-1,1,1,0
0,-1,1,1,0
0,-1,1,1,0
0,-1,1,1,0
0,-1,1,1,0
0,-1,1,1,0
0,-1,1,1,0
0,-1,2,2,0
0,-1,1,1,0
0,-1,1,1,0
0,-1,1,1,0
0,-1,1,1,0
0,-1,1,1,0
0,-1,1,1,0
0,-1,1,1,0
0,-1,1,1,0
0,-1,1,1,0
0,-1,1,1,0
0,-1,1,1,0
0,-1,1,1,0
0,-1,1,1,0
0,-1,1,1,0
0,-1,1,1,0
0,-1,1,1,0
0,-1,2,2,0
0,-1,1,1,0
0,-1,1,1,0
0,-1,1,1,0
0,-1,1,1,0
0,-1,1,1,0
0,-1,1,1,0
0,-1,1,1,0
0,-1,2,2,0
0,-1,1,1,0
0,-1,1,1,0
0,-1,1,1,0
0,-1,1,1,0
0,-1,1,1,0
0,-1,1,1,0
0,-1,1,1,0
0,-1,1,1,0
0,-1,1,1,0
0,-1,1,1,0
0,-1,1,1,0
0,-1,1,1,0
0,-1,1,1,0
0,-1,1,1,0
0,-1,1,1,0
0,-1,1,1,0
0,-1,1,1,0
0,-1,1,1,0
0,-1,1,1,0
0,-1,2,2,0
0,-1,4,4,0
0,-1,1,1,0
0,-1,1,1,0
0,-1,1,1,0
0,-1,1,1,0
0,-1,1,1,0
0,-1,1,1,0
0,-1,1,1,0
0,-1,1,1,0
0,-1,1,1,0
0,-1,1,1,0
0,-1,1,1,0
0,-1,1,1,0
1,112,1,2,0
0,-1,1,1,0
0,-1,1,1,0
0,-1,1,1,0
0,-1,1,1,0
0,-1,1,1,0
0,-1,1,1,0
0,-1,1,1,0
0,-1,1,1,0
0,-1,1,1,0
0,-1,1,1,0
0,-1,1,1,0
0,-1,1,1,0
0,-1,1,1,0
0,-1,1,1,0
0,-1,1,1,0
0,-1,1,1,0
0,-1,1,1,0
0,-1,1,1,0
0,-1,1,1,0
0,-1,1,1,0
0,-1,1,1,0
0,-1,1,1,0
0,-1,1,1,0
0,-1,1,1,0
0,-1,1,1,0
0,-1,1,1,0
0,-1,1,1,0
0,-1,1,1,0
0,-1,1,1,0
0,-1,1,1,0
0,-1,1,1,0
0,-1,1,1,0
0,-1,1,1,0
0,-1,1,1,0
0,-1,1,1,0
0,-1,1,1,0
0,-1,1,1,0
0,-1,1,1,0
0,-1,1,1,0
0,-1,1,1,0
0,-1,1,1,0
0,-1,1,1,0
0,-1,1,1,0
0,-1,1,1,0
0,-1,1,1,0
0,-1,1,1,0
0,-1,1,1,0
0,-1,1,1,0
0,-1,1,1,0
0,-1,1,1,0
0,-1,1,1,0
0,-1,1,1,0
0,-1,1,1,0
0,-1,1,1,0
0,-1,1,1,0
0,-1,1,1,0
0,-1,1,1,0
0,-1,1,1,0
1,12,1,2,0
0,-1,1,1,0
0,-1,1,1,0
0,-1,2,2,0
0,-1,1,1,0
0,-1,1,1,0
1,211,4,6,1
0,-1,1,1,0
0,-1,1,1,0
0,-1,3,3,0
0,-1,1,1,0
0,-1,1,1,0
0,-1,2,2,0
0,-1,1,1,0
0,-1,2,2,0
1,-1,4,4,1
0,-1,1,1,0
0,-1,2,2,0
0,-1,4,4,0
0,-1,1,1,0
0,-1,1,1,0
0,-1,1,1,0
0,-1,1,1,0
0,-1,1,1,0
0,-1,1,1,0
0,-1,1,1,0
0,-1,1,1,0
0,-1,1,1,0
0,-1,1,1,0
0,68295,5,5,0
0,-1,1,1,0
0,-1,1,1,0
0,-1,1,1,0
0,-1,1,1,0
0,-1,1,1,0
1,28,1,2,0
0,-1,1,1,0
0,-1,1,1,0
0,-1,1,1,0
0,-1,1,1,0
0,-1,1,1,0
0,-1,1,1,0
0,-1,1,1,0
0,-1,1,1,0
0,-1,1,1,0
0,-1,1,1,0
0,-1,1,1,0
1,7,1,2,0
0,-1,1,1,0
0,-1,1,1,0
0,-1,1,1,0
0,-1,2,2,0
0,-1,1,1,0
1,15,1,2,0
0,-1,1,1,0
0,-1,1,1,0
1,43,6,7,0
0,-1,1,1,0
0,-1,1,1,0
0,-1,2,2,0
0,-1,1,1,0
0,-1,1,1,0
0,-1,1,1,0
0,-1,1,1,0
0,-1,2,2,0
0,-1,1,1,0
0,-1,1,1,0
0,-1,2,2,0
0,-1,1,1,0
0,-1,1,1,0
0,-1,2,2,0
0,-1,1,1,0
0,-1,1,1,0
0,-1,1,1,0
0,-1,1,1,0
0,-1,1,1,0
0,-1,1,1,0
0,-1,1,1,0
0,187,1,2,0
0,-1,1,1,0
0,156,1,2,0
0,-1,1,1,0
0,-1,1,1,0
0,-1,1,1,0
0,-1,1,1,0
0,-1,1,1,0
0,-1,1,1,0
1,7.5,1,3,1
0,-1,1,1,0
0,-1,1,1,0
0,-1,3,3,0
0,-1,1,1,0
0,-1,1,1,0
0,-1,2,2,0
0,-1,2,2,0
0,-1,1,1,0
0,-1,1,1,0
0,-1,1,1,0
0,-1,1,1,0
0,-1,4,4,0
0,-1,1,1,0
0,-1,1,1,0
0,-1,1,1,0
0,-1,3,3,0
0,-1,1,1,0
0,-1,1,1,0
0,-1,1,1,0
1,340,4,10,1
0,-1,1,1,0
0,-1,2,2,0
0,-1,1,1,0
0,-1,1,1,0
0,-1,1,1,0
0,-1,1,1,0
0,-1,1,1,0
0,-1,1,1,0
0,-1,2,2,0
0,-1,1,1,0
0,-1,1,1,0
0,-1,1,1,0
0,-1,1,1,0
0,6176,5,6,0
0,-1,1,1,0
0,-1,1,1,0
0,-1,1,1,0
0,-1,1,1,0
0,-1,1,1,0
0,-1,1,1,0
0,-1,1,1,0
0,-1,1,1,0
0,-1,1,1,0
0,-1,1,1,0
0,-1,1,1,0
0,-1,1,1,0
0,-1,1,1,0
0,-1,1,1,0
1,9.5,1,3,0
0,-1,2,2,0
0,-1,1,1,0
0,-1,1,1,0
0,-1,1,1,0
0,-1,1,1,0
0,-1,1,1,0
0,-1,1,1,0
0,-1,1,1,0
0,-1,1,1,0
0,-1,1,1,0
0,-1,2,2,0
0,-1,1,1,0
0,-1,1,1,0
0,-1,1,1,0
0,-1,1,1,0
0,-1,1,1,0
0,-1,1,1,0
0,-1,1,1,0
0,-1,1,1,0
0,-1,1,1,0
0,-1,1,1,0
0,-1,1,1,0
0,-1,1,1,0
0,-1,1,1,0
0,-1,1,1,0
0,1565.6,4,9,0
1,40822.5,6,8,1
0,-1,2,2,0
0,9905,2,3,0
0,-1,1,1,0
0,-1,2,2,0
0,-1,1,1,0
0,-1,1,1,0
0,-1,1,1,0
0,-1,1,1,0
0,-1,1,1,0
0,-1,1,1,0
0,-1,2,2,0
0,-1,1,1,0
0,-1,1,1,0
0,-1,1,1,0
0,-1,1,1,0
0,-1,1,1,0
0,-1,1,1,0
0,-1,1,1,0
0,-1,1,1,0
0,-1,1,1,0
0,-1,1,1,0
0,-1,1,1,0
0,221,1,2,0
0,-1,2,2,0
0,-1,1,1,0
0,-1,2,2,0
0,-1,1,1,0
0,-1,1,1,0
0,-1,2,2,0
0,-1,1,1,0
0,77560,3,3,0
0,3959,1,2,0
0,-1,1,1,0
0,-1,4,4,0
0,-1,1,1,0
0,-1,1,1,0
0,-1,1,1,0
0,-1,2,2,0
0,-1,3,3,0
0,-1,1,1,0
0,13258,4,5,0
1,9461.5,1,3,1
0,-1,1,1,0
0,-1,1,1,0
0,-1,1,1,0
0,-1,1,1,0
0,-1,1,1,0
0,-1,3,3,0
0,11501,4,7,0
0,-1,1,1,0
0,-1,1,1,0
0,-1,2,2,0
0,-1,1,1,0
0,-1,2,2,0
0,-1,2,2,0
0,28824.5,3,4,0
0,-1,1,1,0
0,-1,4,4,0
0,-1,1,1,0
1,186,2,3,1
0,-1,1,1,0
0,-1,3,3,0
0,-1,1,1,0
0,3129,2,5,0
0,-1,3,3,0
0,-1,1,1,0
0,-1,1,1,0
0,-1,3,3,0
0,-1,2,2,0
0,-1,1,1,0
0,-1,1,1,0
0,-1,1,1,0
0,-1,3,3,0
1,76816,4,4,0.8
0,-1,1,1,0
0,-1,2,2,0
0,-1,2,2,0
0,-1,3,3,0
0,-1,1,1,0
0,15005,2,3,0
0,-1,1,1,0
0,-1,1,1,0
0,-1,4,4,0
1,137,1,2,0
0,-1,2,2,0
0,-1,1,1,0
0,-1,1,1,0
0,-1,2,2,0
0,-1,1,1,0
0,-1,1,1,0
1,13429.5,2,4,1
0,-1,1,1,0
0,-1,2,2,0
0,-1,1,1,0
0,-1,1,1,0
0,-1,2,2,0
1,97,1,2,0
0,-1,4,4,0
0,-1,1,1,0
0,-1,1,1,0
0,-1,2,2,0
1,24810.33333,3,5,1
1,-1,3,3,1
0,-1,3,3,0
0,-1,1,1,0
0,351,3,4,0
0,-1,1,1,0
0,-1,6,6,0
0,-1,1,1,0
0,-1,1,1,0
0,-1,1,1,0
0,-1,1,1,0
0,-1,1,1,0
0,-1,1,1,0
0,-1,2,2,0
0,-1,1,1,0
0,-1,4,4,0
0,254,5,6,0
0,-1,1,1,0
0,-1,1,1,0
0,-1,1,1,0
1,24,1,2,0
0,-1,1,1,0
1,220.6666667,4,10,1
0,-1,1,1,0
0,-1,1,1,0
0,-1,1,1,0
0,-1,3,3,0
0,-1,1,1,0
0,-1,1,1,0
0,-1,1,1,0
0,-1,1,1,0
0,-1,1,1,0
1,59,2,3,0
0,-1,3,3,0
0,-1,1,1,0
0,-1,1,1,0
0,-1,1,1,0
0,409,2,3,0
0,-1,3,3,0
0,-1,3,3,0
0,-1,1,1,0
0,16063,3,4,0
0,-1,1,1,0
0,-1,1,1,0
0,-1,1,1,0
0,-1,1,1,0
0,-1,1,1,0
0,-1,2,2,0
0,-1,1,1,0
0,-1,1,1,0
0,-1,1,1,0
0,198,1,2,0
0,-1,2,2,0
0,-1,1,1,0
0,-1,1,1,0
0,-1,6,6,0
0,-1,4,4,0
0,-1,2,2,0
0,-1,1,1,0
0,-1,1,1,0
0,-1,1,1,0
0,-1,1,1,0
0,-1,1,1,0
0,-1,1,1,0
0,-1,1,1,0
0,-1,1,1,0
0,-1,1,1,0
0,-1,1,1,0
0,-1,2,2,0
0,-1,1,1,0
0,-1,1,1,0
0,-1,1,1,0
0,-1,1,1,0
0,-1,1,1,0
0,-1,1,1,0
0,-1,1,1,0
0,-1,4,4,0
0,-1,2,2,0
0,-1,1,1,0
1,32197,3,4,0.857142857
0,73481,2,2,0
0,-1,1,1,0
0,-1,1,1,0
0,-1,3,3,0
0,-1,2,2,0
0,-1,1,1,0
0,-1,2,2,0
0,-1,1,1,0
0,-1,1,1,0
0,-1,1,1,0
0,-1,1,1,0
0,-1,1,1,0
0,-1,1,1,0
0,-1,2,2,0
0,-1,1,1,0
0,-1,1,1,0
0,-1,1,1,0
0,-1,1,1,0
0,-1,1,1,0
0,-1,1,1,0
0,-1,1,1,0
0,-1,1,1,0
0,-1,1,1,0
0,-1,1,1,0
0,-1,2,2,0
1,11814.5,2,3,0.888888889
0,-1,2,2,0
1,85986,3,3,1
0,-1,1,1,0
0,-1,1,1,0
0,-1,1,1,0
0,-1,1,1,0
0,184,2,3,0
0,-1,1,1,0
0,-1,2,2,0
0,-1,1,1,0
0,-1,1,1,0
0,-1,1,1,0
0,-1,4,4,0
0,-1,1,1,0
0,-1,1,1,0
0,-1,1,1,0
1,31,3,4,0
1,49,1,2,0
0,-1,1,1,0
0,-1,1,1,0
0,-1,1,1,0
0,-1,1,1,0
0,-1,1,1,0
0,-1,1,1,0
0,-1,1,1,0
0,-1,1,1,0
0,-1,1,1,0
0,-1,1,1,0
0,-1,1,1,0
0,-1,5,5,0
0,-1,1,1,0
0,-1,1,1,0
0,-1,1,1,0
0,-1,2,2,0
0,-1,1,1,0
0,-1,1,1,0
0,-1,1,1,0
1,77,1,2,0
0,-1,1,1,0
0,-1,1,1,0
0,-1,1,1,0
0,-1,1,1,0
0,-1,1,1,0
0,-1,1,1,0
0,-1,3,3,0
0,-1,1,1,0
1,22,1,2,0
0,510,4,5,0
0,-1,1,1,0
0,-1,5,5,0
0,-1,2,2,0
0,-1,1,1,0
0,-1,1,1,0
0,-1,1,1,0
0,-1,1,1,0
0,-1,1,1,0
0,-1,2,2,0
0,-1,1,1,0
0,16095,1,2,0
1,6,1,2,0
0,-1,1,1,0
0,-1,1,1,0
0,-1,2,2,0
0,-1,1,1,0
0,-1,1,1,0
0,41544,3,4,0
0,14188.66667,2,5,0
0,-1,2,2,0
0,-1,1,1,0
0,-1,1,1,0
0,-1,1,1,0
0,-1,4,4,0
0,-1,3,3,0
0,-1,1,1,0
0,63657,3,3,0
0,16994,1,2,0
0,-1,1,1,0
0,16074,1,2,0
0,-1,1,1,0
0,-1,2,2,0
0,8391.5,2,4,0
0,16510,2,3,0
0,-1,1,1,0
0,-1,3,3,0
0,-1,2,2,0
0,-1,1,1,0
0,-1,1,1,0
1,24,1,2,0
0,-1,1,1,0
0,-1,2,2,0
0,-1,1,1,0
1,45,1,2,0
0,-1,1,1,0
0,-1,1,1,0
0,-1,1,1,0
0,-1,1,1,0
0,-1,1,1,0
0,-1,2,2,0
0,-1,1,1,0
0,-1,1,1,0
0,-1,2,2,0
1,64,2,3,0
0,-1,1,1,0
0,-1,1,1,0
0,-1,1,1,0
0,-1,1,1,0
0,-1,1,1,0
0,-1,1,1,0
0,-1,1,1,0
0,-1,1,1,0
0,16812.5,2,4,0
0,-1,1,1,0
0,-1,1,1,0
0,-1,1,1,0
0,-1,1,1,0
0,-1,1,1,0
0,-1,1,1,0
0,-1,1,1,0
0,-1,1,1,0
0,-1,1,1,0
0,-1,1,1,0
0,-1,1,1,0
0,-1,1,1,0
0,-1,1,1,0
0,-1,2,2,0
0,-1,1,1,0
0,-1,1,1,0
0,-1,1,1,0
0,-1,1,1,0
0,-1,3,3,0
1,115,2,3,1
0,-1,1,1,0
0,-1,1,1,0
0,-1,1,1,0
0,-1,1,1,0
0,270,1,2,0
0,-1,1,1,0
0,-1,1,1,0
0,-1,1,1,0
0,-1,1,1,0
0,-1,1,1,0
0,707,3,4,0
0,-1,1,1,0
0,-1,2,2,0
0,-1,1,1,0
0,52219,8,8,0
0,-1,1,1,0
0,-1,1,1,0
0,-1,1,1,0
0,-1,2,2,0
0,-1,3,3,0
1,146,1,2,0
0,-1,1,1,0
0,-1,1,1,0
0,-1,1,1,0
0,-1,2,2,0
0,-1,3,3,0
0,-1,1,1,0
1,39,1,2,0
0,-1,1,1,0
0,-1,1,1,0
0,-1,1,1,0
0,-1,1,1,0
0,-1,2,2,0
0,-1,1,1,0
0,-1,1,1,0
0,-1,1,1,0
0,-1,1,1,0
0,-1,1,1,0
0,-1,1,1,0
0,-1,1,1,0
0,-1,1,1,0
1,60,2,3,0
0,-1,1,1,0
0,-1,1,1,0
0,-1,1,1,0
0,-1,1,1,0
0,-1,1,1,0
0,-1,1,1,0
0,-1,1,1,0
0,-1,1,1,0
0,-1,1,1,0
0,200,2,3,0
0,-1,1,1,0
0,-1,1,1,0
0,-1,1,1,0
0,-1,1,1,0
0,-1,1,1,0
0,-1,1,1,0
0,-1,1,1,0
0,-1,1,1,0
0,-1,1,1,0
0,-1,1,1,0
0,-1,1,1,0
0,-1,1,1,0
1,521.5,4,6,1
0,-1,1,1,0
0,-1,1,1,0
0,-1,1,1,0
0,-1,1,1,0
0,-1,1,1,0
0,-1,1,1,0
0,-1,1,1,0
0,-1,1,1,0
0,-1,1,1,0
0,-1,1,1,0
0,-1,2,2,0
0,-1,2,2,0
0,-1,1,1,0
0,-1,1,1,0
0,-1,1,1,0
0,-1,1,1,0
0,-1,1,1,0
0,-1,1,1,0
0,-1,1,1,0
0,-1,1,1,0
0,31784,2,3,0
0,-1,1,1,0
0,-1,2,2,0
0,-1,1,1,0
0,-1,2,2,0
0,-1,1,1,0
0,-1,1,1,0
0,-1,1,1,0
0,220,1,2,0
0,-1,1,1,0
0,-1,2,2,0
0,26219,5,6,0
0,-1,2,2,0
0,-1,3,3,0
0,-1,1,1,0
0,-1,1,1,0
0,-1,1,1,0
0,-1,1,1,0
0,-1,1,1,0
0,-1,1,1,0
0,-1,1,1,0
0,-1,2,2,0
0,-1,2,2,0
1,3279,2,3,1
0,-1,1,1,0
0,-1,1,1,0
0,-1,1,1,0
0,261,1,2,0
0,-1,1,1,0
0,-1,1,1,0
0,-1,1,1,0
0,-1,1,1,0
0,-1,1,1,0
0,-1,1,1,0
0,41821.5,4,5,0
0,-1,2,2,0
0,41186.5,5,6,0
0,27600,4,6,0
1,97,3,4,0
0,-1,1,1,0
0,-1,3,3,0
0,-1,2,2,0
0,-1,1,1,0
0,-1,1,1,0
0,-1,1,1,0
0,-1,1,1,0
0,56293,2,2,0
0,-1,2,2,0
0,-1,1,1,0
1,32,2,5,0
0,-1,1,1,0
0,-1,1,1,0
0,-1,1,1,0
0,-1,2,2,0
0,-1,1,1,0
0,-1,1,1,0
0,-1,1,1,0
0,-1,1,1,0
0,-1,1,1,0
0,-1,1,1,0
0,-1,1,1,0
0,-1,1,1,0
0,-1,1,1,0
0,-1,1,1,0
0,-1,1,1,0
0,-1,1,1,0
0,-1,1,1,0
0,-1,1,1,0
0,-1,1,1,0
0,-1,1,1,0
0,-1,1,1,0
0,-1,1,1,0
0,-1,1,1,0
0,-1,1,1,0
0,-1,1,1,0
0,-1,1,1,0
0,-1,1,1,0
0,-1,1,1,0
0,-1,3,3,0
0,-1,1,1,0
0,-1,1,1,0
0,-1,4,4,0
0,-1,1,1,0
0,-1,1,1,0
0,-1,1,1,0
0,-1,1,1,0
0,-1,1,1,0
0,-1,1,1,0
0,-1,1,1,0
0,-1,1,1,0
0,-1,2,2,0
0,-1,1,1,0
0,-1,1,1,0
0,-1,1,1,0
0,-1,2,2,0
0,-1,1,1,0
0,-1,1,1,0
0,-1,2,2,0
0,-1,1,1,0
0,-1,1,1,0
0,-1,1,1,0
0,-1,1,1,0
0,-1,1,1,0
0,-1,2,2,0
0,-1,1,1,0
0,-1,1,1,0
0,-1,1,1,0
0,-1,1,1,0
0,33393.5,4,5,0
0,-1,1,1,0
0,-1,1,1,0
1,11,2,3,0
0,-1,2,2,0
0,-1,1,1,0
0,-1,1,1,0
0,-1,1,1,0
0,44433,3,4,0
0,-1,1,1,0
0,-1,1,1,0
0,-1,1,1,0
0,-1,1,1,0
0,-1,3,3,0
1,6,1,2,0
0,-1,1,1,0
0,-1,1,1,0
0,-1,1,1,0
0,-1,1,1,0
0,-1,1,1,0
0,-1,1,1,0
0,-1,1,1,0
0,-1,1,1,0
0,-1,2,2,0
0,-1,1,1,0
0,-1,1,1,0
0,-1,1,1,0
0,-1,1,1,0
0,-1,1,1,0
1,14.5,1,3,0
0,-1,1,1,0
0,-1,1,1,0
0,-1,1,1,0
0,-1,2,2,0
0,-1,1,1,0
0,-1,1,1,0
0,-1,1,1,0
0,-1,2,2,0
0,-1,1,1,0
0,-1,1,1,0
0,-1,1,1,0
0,-1,1,1,0
0,-1,1,1,0
0,-1,1,1,0
0,-1,1,1,0
1,10,1,3,0
0,-1,1,1,0
0,-1,1,1,0
0,-1,1,1,0
0,-1,1,1,0
0,-1,1,1,0
0,-1,1,1,0
1,85962,4,4,1
0,-1,1,1,0
0,-1,1,1,0
0,-1,1,1,0
0,-1,1,1,0
0,-1,1,1,0
0,-1,1,1,0
0,-1,1,1,0
0,-1,1,1,0
0,-1,1,1,0
0,-1,1,1,0
0,-1,1,1,0
0,-1,1,1,0
0,-1,1,1,0
0,-1,1,1,0
0,-1,1,1,0
0,-1,1,1,0
0,-1,1,1,0
0,-1,1,1,0
0,-1,1,1,0
0,-1,1,1,0
0,-1,1,1,0
0,-1,1,1,0
1,59,1,2,0
0,-1,1,1,0
0,-1,1,1,0
0,-1,1,1,0
0,-1,1,1,0
0,-1,1,1,0
0,-1,1,1,0
0,-1,1,1,0
0,-1,1,1,0
0,-1,1,1,0
0,-1,1,1,0
0,-1,1,1,0
1,106,1,2,0
0,-1,1,1,0
0,-1,1,1,0
0,-1,1,1,0
0,-1,1,1,0
0,-1,1,1,0
0,-1,1,1,0
1,60,1,2,0
0,-1,1,1,0
0,-1,1,1,0
0,-1,1,1,0
0,-1,2,2,0
1,38,1,2,0
0,-1,1,1,0
0,-1,1,1,0
0,-1,1,1,0
0,-1,1,1,0
0,-1,1,1,0
0,-1,1,1,0
0,-1,1,1,0
0,-1,2,2,0
0,-1,1,1,0
0,-1,1,1,0
0,-1,2,2,0
0,-1,1,1,0
0,-1,1,1,0
0,-1,2,2,0
0,-1,1,1,0
0,-1,1,1,0
0,-1,1,1,0
0,-1,1,1,0
1,21,1,2,0
0,-1,1,1,0
0,-1,1,1,0
0,-1,1,1,0
0,-1,1,1,0
0,-1,1,1,0
0,-1,1,1,0
0,-1,1,1,0
0,9766,4,6,0
0,-1,1,1,0
1,61,1,2,0
0,-1,1,1,0
0,-1,1,1,0
0,-1,1,1,0
0,-1,1,1,0
0,178,3,4,0
0,-1,1,1,0
0,-1,1,1,0
0,-1,1,1,0
0,-1,1,1,0
0,-1,2,2,0
0,-1,1,1,0
0,-1,1,1,0
0,-1,1,1,0
0,-1,1,1,0
0,-1,1,1,0
0,-1,1,1,0
0,-1,1,1,0
0,-1,1,1,0
0,-1,1,1,0
0,-1,2,2,0
0,-1,1,1,0
0,-1,1,1,0
0,-1,1,1,0
0,-1,2,2,0
0,-1,1,1,0
0,-1,1,1,0
0,-1,1,1,0
0,-1,1,1,0
0,-1,2,2,0
0,-1,1,1,0
0,-1,2,2,0
0,-1,2,2,0
0,-1,1,1,0
0,-1,1,1,0
0,-1,1,1,0
0,-1,2,2,0
0,-1,1,1,0
0,-1,1,1,0
0,-1,1,1,0
0,-1,1,1,0
0,-1,1,1,0
0,-1,1,1,0
0,-1,1,1,0
1,128,1,2,0
1,347,3,6,0.8125
0,-1,1,1,0
0,73549,4,4,0
1,90,1,2,0
0,-1,2,2,0
0,-1,1,1,0
0,-1,2,2,0
0,-1,2,2,0
0,-1,2,2,0
0,-1,1,1,0
0,-1,1,1,0
0,-1,4,4,0
0,-1,1,1,0
0,-1,1,1,0
0,80707,3,3,0
0,-1,1,1,0
0,24275,2,4,0
0,-1,3,3,0
0,83061,2,2,0
0,-1,1,1,0
0,-1,1,1,0
0,-1,1,1,0
0,-1,1,1,0
0,-1,2,2,0
0,-1,2,2,0
0,-1,1,1,0
0,-1,1,1,0
0,-1,4,4,0
0,-1,3,3,0
0,170,3,4,0
0,-1,4,4,0
0,-1,1,1,0
0,-1,1,1,0
0,-1,1,1,0
0,-1,1,1,0
0,-1,1,1,0
0,153,1,2,0
0,-1,1,1,0
0,-1,2,2,0
0,-1,1,1,0
0,-1,1,1,0
0,-1,2,2,0
0,-1,1,1,0
0,-1,2,2,0
0,-1,1,1,0
0,-1,1,1,0
0,72091.5,5,5,0
0,79529,3,3,0
0,-1,1,1,0
0,-1,1,1,0
0,-1,1,1,0
0,-1,1,1,0
0,-1,1,1,0
0,84007,2,2,0
0,-1,1,1,0
0,-1,1,1,0
0,-1,1,1,0
0,-1,1,1,0
0,-1,1,1,0
0,-1,1,1,0
0,-1,1,1,0
0,-1,1,1,0
0,-1,3,3,0
0,-1,2,2,0
0,-1,1,1,0
0,-1,1,1,0
0,-1,3,3,0
1,34279,8,9,1
0,-1,2,2,0
0,-1,2,2,0
0,70337,4,4,0
0,-1,2,2,0
0,544,1,2,0
0,-1,1,1,0
0,-1,2,2,0
1,71,1,2,0
0,152,3,4,0
0,-1,1,1,0
0,-1,2,2,0
0,-1,1,1,0
0,-1,1,1,0
1,59,4,5,0
0,-1,1,1,0
0,-1,1,1,0
0,-1,1,1,0
0,-1,1,1,0
0,-1,1,1,0
1,80,1,2,0
0,-1,2,2,0
0,-1,1,1,0
0,17320,2,3,0
0,-1,1,1,0
0,-1,1,1,0
0,-1,1,1,0
0,-1,1,1,0
0,-1,3,3,0
0,-1,2,2,0
0,-1,1,1,0
0,-1,2,2,0
0,-1,1,1,0
0,-1,1,1,0
0,-1,2,2,0
0,-1,1,1,0
0,-1,1,1,0
0,-1,1,1,0
0,-1,1,1,0
1,3.5,1,3,0
0,-1,1,1,0
0,-1,1,1,0
0,-1,1,1,0
0,-1,2,2,0
0,-1,2,2,0
0,-1,1,1,0
0,-1,1,1,0
0,-1,2,2,0
0,-1,1,1,0
0,-1,1,1,0
0,-1,1,1,0
0,-1,1,1,0
0,-1,1,1,0
0,-1,1,1,0
0,-1,1,1,0
0,-1,1,1,0
0,-1,3,3,0
0,-1,1,1,0
0,-1,1,1,0
0,-1,2,2,0
0,-1,1,1,0
0,854.5,6,8,0
0,-1,1,1,0
0,-1,1,1,0
0,-1,1,1,0
0,-1,1,1,0
0,-1,1,1,0
0,-1,1,1,0
0,-1,1,1,0
0,-1,1,1,0
0,-1,1,1,0
0,-1,1,1,0
0,-1,2,2,0
0,-1,1,1,0
0,-1,1,1,0
0,-1,1,1,0
0,-1,2,2,0
0,-1,1,1,0
0,-1,1,1,0
0,-1,1,1,0
0,-1,1,1,0
0,-1,1,1,0
0,-1,2,2,0
0,-1,3,3,0
0,-1,1,1,0
0,-1,2,2,0
1,4.5,1,3,0
0,-1,1,1,0
0,-1,1,1,0
0,-1,1,1,0
0,-1,1,1,0
0,-1,1,1,0
0,192,2,3,0
0,-1,1,1,0
0,-1,1,1,0
0,-1,1,1,0
0,-1,1,1,0
0,-1,1,1,0
0,-1,1,1,0
0,-1,2,2,0
1,25394.44444,9,16,0
0,-1,2,2,0
0,-1,1,1,0
0,-1,1,1,0
0,-1,1,1,0
0,-1,1,1,0
0,-1,3,3,0
0,-1,3,3,0
0,485.4444444,4,13,0
0,-1,1,1,0
0,-1,1,1,0
0,-1,1,1,0
0,-1,1,1,0
0,-1,2,2,0
0,-1,3,3,0
0,-1,1,1,0
0,-1,1,1,0
0,-1,1,1,0
0,-1,1,1,0
0,-1,2,2,0
0,-1,1,1,0
0,-1,1,1,0
0,-1,1,1,0
0,-1,1,1,0
0,-1,2,2,0
0,-1,1,1,0
0,-1,1,1,0
0,-1,1,1,0
0,-1,1,1,0
0,-1,2,2,0
0,-1,3,3,0
0,-1,1,1,0
0,-1,1,1,0
0,-1,1,1,0
0,-1,1,1,0
0,-1,1,1,0
1,38,1,2,0
0,-1,1,1,0
0,3186,4,5,0
0,-1,1,1,0
0,-1,1,1,0
0,-1,1,1,0
0,-1,1,1,0
0,-1,2,2,0
0,-1,1,1,0
0,-1,1,1,0
0,-1,2,2,0
0,-1,3,3,0
0,-1,1,1,0
0,-1,1,1,0
0,-1,1,1,0
0,-1,1,1,0
0,-1,1,1,0
0,-1,4,4,0
0,20450,2,3,0
0,-1,1,1,0
0,-1,1,1,0
0,-1,1,1,0
0,-1,1,1,0
0,-1,1,1,0
0,-1,1,1,0
0,-1,1,1,0
0,-1,2,2,0
0,-1,2,2,0
0,-1,1,1,0
0,-1,1,1,0
0,-1,1,1,0
0,-1,1,1,0
0,-1,1,1,0
0,-1,1,1,0
0,-1,6,6,0
0,-1,2,2,0
0,-1,1,1,0
0,-1,1,1,0
0,-1,1,1,0
0,-1,1,1,0
0,-1,2,2,0
0,-1,1,1,0
0,530,2,3,0
0,-1,1,1,0
0,-1,1,1,0
0,-1,1,1,0
0,-1,1,1,0
0,-1,1,1,0
0,-1,1,1,0
0,-1,1,1,0
0,-1,1,1,0
0,-1,2,2,0
0,-1,1,1,0
0,-1,1,1,0
0,-1,1,1,0
0,-1,1,1,0
0,-1,1,1,0
0,-1,1,1,0
0,-1,1,1,0
0,-1,1,1,0
1,1508.5,2,4,1
0,-1,1,1,0
0,-1,2,2,0
0,-1,1,1,0
0,-1,1,1,0
0,-1,1,1,0
0,-1,1,1,0
0,-1,2,2,0
0,-1,2,2,0
1,218,2,3,1
0,-1,1,1,0
0,-1,1,1,0
0,-1,1,1,0
0,-1,1,1,0
0,865,1,2,0
0,-1,1,1,0
1,105,1,2,0
0,-1,1,1,0
0,-1,1,1,0
0,-1,1,1,0
0,85945,4,4,0
0,-1,1,1,0
0,-1,1,1,0
0,-1,1,1,0
0,-1,1,1,0
0,-1,1,1,0
0,427,2,3,0
0,-1,1,1,0
0,-1,1,1,0
0,324,1,2,0
0,-1,1,1,0
0,-1,1,1,0
0,-1,1,1,0
0,-1,1,1,0
0,-1,1,1,0
0,-1,1,1,0
0,-1,1,1,0
0,-1,2,2,0
0,-1,3,3,0
0,-1,1,1,0
0,-1,1,1,0
0,62458,2,2,0
0,-1,1,1,0
0,-1,1,1,0
0,-1,2,2,0
0,-1,1,1,0
0,-1,1,1,0
0,159,3,4,0
0,-1,1,1,0
0,-1,1,1,0
1,110,3,4,0
0,-1,1,1,0
0,-1,1,1,0
0,-1,1,1,0
0,-1,1,1,0
0,-1,1,1,0
0,-1,5,5,0
0,-1,1,1,0
0,-1,1,1,0
0,-1,1,1,0
0,-1,1,1,0
0,191,1,2,0
0,-1,1,1,0
0,-1,1,1,0
0,-1,1,1,0
0,-1,1,1,0
0,-1,1,1,0
0,-1,2,2,0
0,-1,1,1,0
0,-1,1,1,0
0,-1,5,5,0
0,-1,2,2,0
0,-1,1,1,0
0,-1,1,1,0
0,-1,3,3,0
0,-1,1,1,0
0,-1,2,2,0
0,-1,2,2,0
0,-1,1,1,0
0,-1,1,1,0
0,-1,2,2,0
0,-1,1,1,0
0,-1,1,1,0
0,-1,1,1,0
0,-1,3,3,0
0,-1,3,3,0
0,-1,1,1,0
0,-1,1,1,0
0,-1,1,1,0
0,-1,1,1,0
0,-1,1,1,0
0,-1,1,1,0
0,-1,1,1,0
0,-1,1,1,0
0,-1,1,1,0
0,-1,1,1,0
0,-1,1,1,0
0,-1,1,1,0
0,-1,1,1,0
0,-1,1,1,0
0,-1,1,1,0
1,72,1,2,0
0,-1,2,2,0
1,4.5,1,3,0
0,-1,1,1,0
0,-1,1,1,0
0,-1,1,1,0
0,-1,1,1,0
0,-1,1,1,0
0,-1,1,1,0
0,-1,2,2,0
0,67689,4,4,0
0,-1,1,1,0
0,-1,1,1,0
0,-1,1,1,0
0,-1,1,1,0
0,-1,1,1,0
0,-1,1,1,0
0,-1,1,1,0
0,-1,1,1,0
0,-1,1,1,0
0,-1,1,1,0
0,-1,1,1,0
0,-1,1,1,0
1,9634,2,5,1
0,-1,2,2,0
0,-1,1,1,0
1,79,3,4,1
0,-1,1,1,0
0,-1,1,1,0
0,-1,1,1,0
0,-1,1,1,0
0,-1,2,2,0
0,-1,1,1,0
0,-1,1,1,0
0,585.5,1,3,0
0,-1,1,1,0
0,-1,1,1,0
0,-1,1,1,0
0,345,1,2,0
0,-1,1,1,0
0,-1,1,1,0
0,-1,1,1,0
0,-1,2,2,0
0,-1,1,1,0
0,-1,1,1,0
0,-1,1,1,0
0,-1,1,1,0
0,-1,1,1,0
0,-1,1,1,0
0,-1,1,1,0
0,-1,1,1,0
0,-1,1,1,0
0,20325,1,2,0
0,-1,1,1,0
0,292,1,2,0
0,-1,1,1,0
0,-1,1,1,0
0,-1,1,1,0
0,-1,1,1,0
0,-1,1,1,0
0,-1,1,1,0
0,-1,1,1,0
0,22426,1,2,0
0,-1,2,2,0
0,-1,1,1,0
0,-1,1,1,0
0,-1,1,1,0
0,27548.5,2,3,0
0,5202,1,2,0
1,9364.333333,8,11,1
0,-1,1,1,0
0,-1,1,1,0
0,-1,1,1,0
0,-1,1,1,0
0,-1,1,1,0
0,-1,1,1,0
0,-1,1,1,0
0,-1,1,1,0
0,-1,1,1,0
0,-1,1,1,0
0,-1,1,1,0
0,-1,1,1,0
0,-1,3,3,0
0,668,2,3,0
0,-1,2,2,0
0,-1,1,1,0
0,-1,2,2,0
0,-1,3,3,0
0,-1,1,1,0
0,-1,1,1,0
0,-1,1,1,0
0,-1,2,2,0
0,261,3,4,0
0,-1,1,1,0
0,-1,1,1,0
0,-1,1,1,0
0,-1,1,1,0
0,-1,1,1,0
0,-1,1,1,0
0,-1,2,2,0
0,-1,1,1,0
0,-1,1,1,0
0,-1,1,1,0
0,-1,1,1,0
0,29298,3,4,0
0,-1,1,1,0
0,-1,1,1,0
0,-1,1,1,0
0,636,1,2,0
0,-1,1,1,0
0,-1,1,1,0
0,-1,1,1,0
0,-1,1,1,0
0,-1,1,1,0
0,-1,1,1,0
0,-1,1,1,0
0,-1,1,1,0
0,-1,1,1,0
0,-1,1,1,0
0,-1,1,1,0
0,-1,1,1,0
0,-1,1,1,0
0,421,1,2,0
0,-1,1,1,0
0,-1,1,1,0
0,-1,2,2,0
0,-1,1,1,0
0,-1,1,1,0
0,-1,1,1,0
0,-1,1,1,0
0,-1,1,1,0
0,-1,1,1,0
0,-1,1,1,0
0,-1,1,1,0
0,-1,2,2,0
0,-1,1,1,0
0,49676,4,5,0
0,3139,1,2,0
0,-1,1,1,0
0,-1,1,1,0
0,-1,1,1,0
0,61527,2,2,0
0,-1,1,1,0
0,-1,1,1,0
0,-1,1,1,0
1,455.3333333,2,5,1
0,-1,1,1,0
0,-1,1,1,0
0,-1,1,1,0
0,10246.75,3,7,0
0,-1,1,1,0
0,-1,2,2,0
0,-1,1,1,0
0,-1,1,1,0
0,-1,1,1,0
0,-1,1,1,0
0,-1,1,1,0
0,-1,1,1,0
0,-1,1,1,0
0,-1,2,2,0
0,-1,1,1,0
0,-1,2,2,0
0,-1,1,1,0
0,-1,2,2,0
0,-1,1,1,0
0,-1,1,1,0
0,-1,5,5,0
0,1689,1,2,0
0,-1,1,1,0
1,46,1,2,0
0,-1,1,1,0
0,-1,2,2,0
0,77874,2,2,0
0,-1,1,1,0
0,-1,1,1,0
0,-1,1,1,0
1,49,1,2,0
0,-1,1,1,0
1,117,2,3,0
0,-1,1,1,0
0,-1,1,1,0
0,-1,1,1,0
0,-1,1,1,0
0,-1,1,1,0
0,-1,1,1,0
1,20,2,3,1
0,-1,2,2,0
0,-1,2,2,0
0,-1,1,1,0
1,92,3,4,0
0,-1,1,1,0
0,-1,1,1,0
0,-1,1,1,0
0,-1,1,1,0
0,40340,2,2,0
0,-1,1,1,0
0,-1,1,1,0
0,80739,2,2,0
0,-1,1,1,0
1,265.5,1,3,1
0,-1,1,1,0
0,-1,1,1,0
0,-1,1,1,0
0,-1,1,1,0
1,-1,5,5,1
0,-1,2,2,0
0,-1,1,1,0
0,-1,1,1,0
0,-1,1,1,0
0,-1,1,1,0
0,-1,1,1,0
0,-1,1,1,0
0,-1,1,1,0
0,-1,1,1,0
0,-1,1,1,0
0,-1,1,1,0
0,-1,1,1,0
0,-1,1,1,0
0,-1,2,2,0
0,-1,1,1,0
0,-1,1,1,0
0,-1,1,1,0
0,72082,8,8,0
0,-1,1,1,0
0,-1,1,1,0
0,-1,1,1,0
0,-1,1,1,0
0,-1,1,1,0
0,-1,1,1,0
0,-1,3,3,0
0,-1,1,1,0
0,-1,1,1,0
0,-1,1,1,0
0,547,2,3,0
0,-1,1,1,0
0,990,3,4,0
0,-1,1,1,0
0,-1,3,3,0
0,-1,1,1,0
0,-1,1,1,0
0,-1,1,1,0
0,-1,1,1,0
0,-1,1,1,0
0,84741,3,3,0
0,-1,1,1,0
0,-1,1,1,0
0,-1,2,2,0
0,-1,2,2,0
0,-1,1,1,0
0,-1,1,1,0
0,-1,1,1,0
0,-1,1,1,0
0,-1,1,1,0
0,-1,1,1,0
0,-1,1,1,0
0,-1,1,1,0
0,-1,1,1,0
0,-1,1,1,0
0,-1,1,1,0
0,-1,1,1,0
0,-1,1,1,0
0,-1,1,1,0
0,-1,1,1,0
0,-1,1,1,0
0,-1,1,1,0
0,-1,1,1,0
0,-1,1,1,0
0,-1,1,1,0
0,-1,1,1,0
0,-1,1,1,0
0,-1,1,1,0
1,14,1,2,0
0,-1,1,1,0
0,-1,1,1,0
0,-1,1,1,0
1,46,1,2,0
0,-1,2,2,0
0,-1,1,1,0
0,-1,1,1,0
0,-1,1,1,0
0,-1,1,1,0
0,-1,1,1,0
1,39,1,2,0
0,-1,1,1,0
0,-1,1,1,0
0,-1,1,1,0
0,-1,1,1,0
0,-1,1,1,0
0,883.5,1,3,0
0,-1,1,1,0
0,-1,1,1,0
0,-1,1,1,0
0,-1,1,1,0
0,-1,1,1,0
0,-1,1,1,0
0,-1,1,1,0
0,-1,1,1,0
0,-1,1,1,0
1,373.5,1,3,1
0,-1,1,1,0
0,-1,1,1,0
0,-1,1,1,0
1,5.5,1,3,0
0,-1,1,1,0
0,-1,1,1,0
0,-1,1,1,0
0,-1,1,1,0
0,-1,1,1,0
0,-1,1,1,0
0,66329,2,2,0
0,-1,1,1,0
0,-1,1,1,0
0,-1,1,1,0
0,-1,1,1,0
0,-1,2,2,0
0,167,1,2,0
0,-1,1,1,0
0,-1,1,1,0
0,-1,1,1,0
0,-1,1,1,0
0,-1,1,1,0
0,-1,2,2,0
0,-1,1,1,0
0,-1,1,1,0
0,-1,2,2,0
0,-1,1,1,0
0,-1,1,1,0
0,41212.5,2,3,0
0,-1,2,2,0
0,-1,1,1,0
0,-1,1,1,0
0,-1,1,1,0
0,-1,1,1,0
0,-1,1,1,0
0,-1,1,1,0
0,-1,1,1,0
0,-1,1,1,0
0,-1,1,1,0
0,-1,1,1,0
0,-1,1,1,0
0,-1,1,1,0
0,-1,1,1,0
0,-1,2,2,0
0,-1,1,1,0
0,-1,1,1,0
1,30764.5,2,3,1
0,-1,3,3,0
0,-1,1,1,0
0,-1,2,2,0
0,-1,1,1,0
0,-1,1,1,0
0,-1,1,1,0
0,-1,1,1,0
0,-1,1,1,0
0,-1,1,1,0
0,-1,1,1,0
0,55852,3,3,0
0,186,1,2,0
0,-1,2,2,0
0,-1,1,1,0
0,-1,1,1,0
0,-1,1,1,0
0,-1,1,1,0
0,-1,1,1,0
0,-1,1,1,0
0,947,2,3,0
0,-1,1,1,0
1,20714,4,6,0.833333333
0,-1,3,3,0
0,-1,1,1,0
0,-1,1,1,0
0,-1,1,1,0
0,-1,1,1,0
0,-1,1,1,0
0,-1,2,2,0
0,-1,1,1,0
0,-1,1,1,0
0,-1,1,1,0
0,-1,1,1,0
0,-1,1,1,0
0,-1,1,1,0
0,-1,1,1,0
0,-1,1,1,0
0,-1,1,1,0
0,-1,1,1,0
0,-1,1,1,0
0,-1,1,1,0
0,-1,1,1,0
0,-1,1,1,0
0,-1,1,1,0
0,-1,1,1,0
0,-1,2,2,0
0,19938,3,4,0
0,-1,1,1,0
1,135,1,2,0
1,73,1,2,0
0,-1,1,1,0
0,-1,1,1,0
0,-1,1,1,0
0,-1,1,1,0
0,-1,1,1,0
0,-1,1,1,0
0,-1,1,1,0
0,3527,1,2,0
0,-1,1,1,0
0,-1,1,1,0
0,-1,1,1,0
0,-1,1,1,0
0,-1,1,1,0
0,-1,1,1,0
1,126,2,3,0
0,-1,1,1,0
0,-1,1,1,0
0,-1,1,1,0
0,-1,1,1,0
0,-1,1,1,0
0,-1,2,2,0
0,-1,1,1,0
0,-1,1,1,0
0,-1,1,1,0
0,-1,1,1,0
0,-1,1,1,0
0,-1,1,1,0
0,-1,1,1,0
0,84314,4,4,0
0,-1,1,1,0
0,-1,1,1,0
0,-1,3,3,0
0,-1,1,1,0
1,45638,6,7,1
0,-1,1,1,0
0,-1,1,1,0
0,-1,1,1,0
0,-1,2,2,0
0,-1,1,1,0
0,-1,1,1,0
0,-1,1,1,0
0,-1,1,1,0
0,-1,1,1,0
0,-1,1,1,0
0,-1,1,1,0
0,-1,1,1,0
0,-1,1,1,0
0,-1,1,1,0
0,-1,2,2,0
0,-1,2,2,0
0,-1,1,1,0
0,-1,1,1,0
0,-1,1,1,0
0,-1,1,1,0
0,-1,1,1,0
0,-1,1,1,0
0,-1,1,1,0
0,-1,1,1,0
0,-1,1,1,0
0,-1,1,1,0
0,-1,1,1,0
0,-1,1,1,0
0,-1,1,1,0
0,-1,1,1,0
0,62677,4,4,0
0,-1,1,1,0
0,-1,1,1,0
0,-1,1,1,0
0,-1,1,1,0
0,-1,2,2,0
0,-1,1,1,0
0,-1,1,1,0
0,-1,1,1,0
0,-1,1,1,0
0,-1,1,1,0
0,-1,1,1,0
0,38825,2,2,0
0,-1,1,1,0
0,-1,1,1,0
0,-1,1,1,0
0,-1,1,1,0
0,-1,1,1,0
0,-1,1,1,0
0,-1,1,1,0
0,-1,1,1,0
0,-1,1,1,0
0,-1,2,2,0
0,-1,1,1,0
0,-1,1,1,0
0,-1,1,1,0
0,-1,1,1,0
0,-1,1,1,0
0,-1,1,1,0
0,-1,1,1,0
0,-1,1,1,0
0,-1,1,1,0
0,-1,1,1,0
0,-1,1,1,0
0,-1,1,1,0
1,116,3,4,0
0,-1,1,1,0
0,-1,1,1,0
0,-1,1,1,0
0,-1,1,1,0
0,-1,1,1,0
0,-1,1,1,0
0,22582.5,4,6,0
0,-1,1,1,0
0,-1,1,1,0
0,-1,1,1,0
0,-1,1,1,0
0,-1,1,1,0
0,-1,1,1,0
0,-1,1,1,0
0,-1,1,1,0
0,60815,3,3,0
0,-1,1,1,0
0,-1,1,1,0
0,-1,1,1,0
0,-1,1,1,0
0,-1,1,1,0
0,-1,1,1,0
0,-1,1,1,0
0,-1,2,2,0
0,-1,1,1,0
0,-1,1,1,0
0,-1,1,1,0
0,-1,1,1,0
0,-1,1,1,0
0,-1,1,1,0
0,-1,1,1,0
0,-1,1,1,0
0,-1,1,1,0
0,-1,1,1,0
0,-1,1,1,0
0,-1,1,1,0
0,-1,1,1,0
0,-1,1,1,0
0,-1,1,1,0
0,-1,1,1,0
0,-1,1,1,0
0,-1,1,1,0
0,-1,1,1,0
0,-1,1,1,0
0,-1,1,1,0
0,-1,1,1,0
0,-1,1,1,0
0,-1,1,1,0
1,134,3,4,0
0,-1,1,1,0
0,-1,1,1,0
0,-1,2,2,0
0,-1,1,1,0
0,-1,1,1,0
0,-1,1,1,0
0,-1,1,1,0
0,155,1,3,0
0,-1,1,1,0
0,-1,1,1,0
0,-1,1,1,0
0,-1,1,1,0
0,-1,1,1,0
0,-1,1,1,0
0,-1,1,1,0
0,-1,1,1,0
0,-1,1,1,0
0,-1,1,1,0
0,-1,1,1,0
0,-1,1,1,0
0,-1,1,1,0
1,77,1,2,0
0,-1,2,2,0
0,-1,1,1,0
0,-1,1,1,0
0,-1,1,1,0
0,-1,1,1,0
0,-1,1,1,0
0,-1,1,1,0
0,-1,1,1,0
0,-1,3,3,0
0,-1,1,1,0
0,-1,1,1,0
0,-1,1,1,0
0,-1,1,1,0
0,-1,1,1,0
0,-1,1,1,0
0,-1,1,1,0
0,-1,1,1,0
0,-1,3,3,0
0,-1,1,1,0
0,-1,1,1,0
0,-1,1,1,0
0,-1,1,1,0
0,-1,1,1,0
0,-1,1,1,0
0,20941,1,2,0
0,-1,1,1,0
0,-1,1,1,0
0,-1,1,1,0
0,-1,1,1,0
0,-1,1,1,0
0,-1,1,1,0
0,-1,1,1,0
0,-1,1,1,0
0,-1,1,1,0
1,54,1,3,0
0,-1,1,1,0
0,-1,1,1,0
0,-1,1,1,0
0,-1,1,1,0
0,-1,1,1,0
0,-1,1,1,0
0,-1,1,1,0
0,-1,1,1,0
0,11356,1,2,0
0,-1,1,1,0
0,-1,1,1,0
0,-1,1,1,0
0,-1,2,2,0
0,13229,2,3,0
0,-1,1,1,0
0,-1,1,1,0
0,-1,1,1,0
0,-1,2,2,0
0,-1,1,1,0
1,129,2,3,0
0,-1,2,2,0
0,-1,1,1,0
0,-1,1,1,0
0,-1,1,1,0
0,3196,1,2,0
0,-1,1,1,0
0,-1,2,2,0
0,-1,1,1,0
0,-1,1,1,0
0,-1,2,2,0
0,-1,1,1,0
0,-1,1,1,0
0,-1,2,2,0
0,-1,1,1,0
0,-1,1,1,0
0,-1,1,1,0
0,-1,1,1,0
0,-1,1,1,0
0,-1,1,1,0
0,-1,1,1,0
0,-1,1,1,0
0,45504.5,2,3,0
0,-1,1,1,0
0,-1,1,1,0
0,-1,1,1,0
0,8971,1,2,0
0,-1,1,1,0
0,-1,1,1,0
0,71291,2,2,0
1,38,1,2,0
0,-1,1,1,0
0,-1,1,1,0
0,79955,4,4,0
0,12796,1,2,0
0,-1,1,1,0
0,-1,1,1,0
0,-1,1,1,0
0,-1,1,1,0
0,-1,1,1,0
0,-1,1,1,0
0,-1,1,1,0
0,-1,1,1,0
0,-1,1,1,0
0,-1,1,1,0
0,-1,1,1,0
0,-1,1,1,0
0,-1,1,1,0
0,-1,1,1,0
0,-1,1,1,0
0,-1,1,1,0
0,-1,1,1,0
0,-1,1,1,0
0,-1,1,1,0
0,-1,1,1,0
0,-1,1,1,0
0,-1,1,1,0
0,-1,1,1,0
0,-1,1,1,0
0,-1,1,1,0
0,-1,1,1,0
0,-1,1,1,0
0,-1,1,1,0
0,-1,1,1,0
1,118,1,4,0
0,-1,1,1,0
0,5410,1,2,0
0,-1,1,1,0
0,-1,1,1,0
0,-1,1,1,0
0,-1,1,1,0
0,-1,1,1,0
0,-1,1,1,0
0,-1,1,1,0
0,-1,1,1,0
0,-1,1,1,0
0,-1,1,1,0
0,-1,1,1,0
0,-1,1,1,0
0,-1,1,1,0
0,-1,1,1,0
0,-1,1,1,0
0,-1,1,1,0
0,276,1,2,0
0,-1,1,1,0
0,-1,1,1,0
0,-1,1,1,0
0,-1,1,1,0
0,-1,1,1,0
0,-1,1,1,0
0,-1,1,1,0
0,-1,1,1,0
0,-1,1,1,0
0,-1,1,1,0
0,-1,2,2,0
1,16025.66667,3,6,1
0,-1,1,1,0
0,-1,1,1,0
0,-1,1,1,0
0,9007.4,4,8,0
0,-1,2,2,0
0,-1,1,1,0
0,-1,1,1,0
0,-1,1,1,0
0,-1,3,3,0
0,-1,2,2,0
0,-1,2,2,0
0,-1,1,1,0
0,-1,1,1,0
0,-1,1,1,0
0,-1,1,1,0
0,-1,1,1,0
0,-1,1,1,0
0,-1,1,1,0
0,-1,1,1,0
0,-1,1,1,0
0,-1,1,1,0
0,-1,1,1,0
0,-1,1,1,0
0,-1,1,1,0
0,421,1,2,0
0,-1,2,2,0
0,-1,1,1,0
0,-1,1,1,0
0,-1,1,1,0
0,-1,2,2,0
0,-1,1,1,0
0,-1,1,1,0
0,-1,1,1,0
0,-1,1,1,0
0,-1,1,1,0
0,-1,1,1,0
0,-1,1,1,0
0,-1,1,1,0
0,-1,1,1,0
0,-1,1,1,0
0,-1,2,2,0
0,-1,1,1,0
0,-1,1,1,0
0,-1,1,1,0
0,-1,1,1,0
0,-1,1,1,0
0,-1,1,1,0
0,-1,1,1,0
0,-1,1,1,0
0,-1,1,1,0
0,-1,1,1,0
1,12,1,3,1
0,-1,1,1,0
0,-1,1,1,0
0,38868,5,5,0
0,-1,1,1,0
1,5.5,1,3,1
0,-1,1,1,0
0,-1,1,1,0
0,-1,1,1,0
0,-1,1,1,0
0,-1,1,1,0
0,-1,2,2,0
0,-1,1,1,0
0,-1,1,1,0
0,-1,1,1,0
0,-1,1,1,0
0,-1,1,1,0
0,-1,1,1,0
0,-1,1,1,0
0,-1,2,2,0
0,-1,1,1,0
0,-1,1,1,0
0,-1,1,1,0
1,5.5,1,3,0
0,-1,1,1,0
0,-1,1,1,0
0,-1,1,1,0
0,-1,1,1,0
0,-1,2,2,0
0,-1,1,1,0
0,-1,1,1,0
0,-1,1,1,0
1,22,1,3,0
0,-1,1,1,0
0,-1,2,2,0
0,-1,1,1,0
0,-1,1,1,0
0,-1,1,1,0
0,-1,1,1,0
0,-1,1,1,0
0,-1,1,1,0
0,-1,2,2,0
0,-1,1,1,0
0,-1,1,1,0
1,478,2,3,0.857142857
0,-1,1,1,0
0,-1,4,4,0
0,-1,1,1,0
0,-1,1,1,0
0,-1,1,1,0
0,-1,2,2,0
0,-1,1,1,0
0,-1,1,1,0
0,-1,1,1,0
0,-1,2,2,0
0,-1,1,1,0
0,-1,1,1,0
0,-1,2,2,0
0,-1,1,1,0
0,-1,2,2,0
0,-1,1,1,0
0,197,1,2,0
0,-1,1,1,0
0,-1,1,1,0
0,-1,1,1,0
0,-1,1,1,0
0,-1,2,2,0
0,-1,1,1,0
0,-1,1,1,0
0,-1,2,2,0
0,-1,2,2,0
0,-1,1,1,0
0,-1,1,1,0
0,-1,1,1,0
0,-1,1,1,0
1,57.5,1,5,0.857142857
0,-1,1,1,0
0,-1,2,2,0
0,-1,1,1,0
0,-1,1,1,0
0,-1,1,1,0
0,-1,1,1,0
0,-1,1,1,0
0,-1,2,2,0
0,-1,1,1,0
0,-1,1,1,0
0,-1,1,1,0
0,-1,1,1,0
0,-1,1,1,0
0,-1,1,1,0
0,-1,1,1,0
0,-1,2,2,0
0,-1,1,1,0
0,-1,1,1,0
0,-1,1,1,0
0,-1,1,1,0
0,-1,2,2,0
0,-1,1,1,0
0,-1,1,1,0
0,-1,1,1,0
0,-1,1,1,0
0,-1,1,1,0
0,-1,1,1,0
0,-1,1,1,0
0,-1,1,1,0
0,-1,1,1,0
0,-1,1,1,0
0,-1,1,1,0
0,-1,1,1,0
0,-1,1,1,0
0,-1,1,1,0
0,-1,1,1,0
0,-1,1,1,0
0,-1,1,1,0
0,-1,1,1,0
0,-1,1,1,0
0,-1,1,1,0
0,-1,2,2,0
0,-1,1,1,0
0,-1,1,1,0
0,-1,1,1,0
0,-1,1,1,0
0,-1,1,1,0
0,-1,1,1,0
0,-1,1,1,0
0,-1,1,1,0
0,-1,1,1,0
0,-1,4,4,0
0,-1,1,1,0
1,33,1,2,0
0,-1,1,1,0
0,-1,1,1,0
1,428,2,3,1
0,-1,1,1,0
0,2539.5,2,4,0
0,-1,1,1,0
0,14226.16667,3,8,0
0,-1,1,1,0
0,-1,1,1,0
0,27824.33333,2,4,0
0,-1,1,1,0
0,27515,3,5,0
1,27163.33333,3,5,1
0,-1,1,1,0
0,-1,1,1,0
0,-1,1,1,0
0,-1,1,1,0
0,-1,1,1,0
1,37,1,2,0
0,-1,2,2,0
0,-1,1,1,0
0,-1,1,1,0
0,26845.33333,5,7,0
0,-1,1,1,0
0,-1,1,1,0
0,-1,1,1,0
0,-1,1,1,0
0,-1,1,1,0
0,-1,1,1,0
0,-1,1,1,0
0,-1,1,1,0
0,-1,1,1,0
0,-1,1,1,0
0,-1,1,1,0
1,6,1,2,0
0,-1,1,1,0
0,-1,2,2,0
0,-1,1,1,0
0,-1,1,1,0
0,-1,2,2,0
0,-1,1,1,0
0,-1,1,1,0
1,51,3,4,1
0,-1,1,1,0
0,-1,1,1,0
0,-1,1,1,0
0,-1,1,1,0
0,-1,1,1,0
0,-1,1,1,0
0,-1,2,2,0
0,-1,1,1,0
0,-1,1,1,0
0,-1,1,1,0
0,-1,1,1,0
0,-1,1,1,0
0,-1,1,1,0
0,-1,1,1,0
0,-1,1,1,0
0,-1,1,1,0
0,-1,1,1,0
0,-1,2,2,0
0,-1,1,1,0
0,-1,1,1,0
0,-1,1,1,0
0,-1,1,1,0
0,-1,1,1,0
0,-1,1,1,0
0,-1,1,1,0
0,-1,1,1,0
0,-1,1,1,0
0,-1,1,1,0
0,-1,1,1,0
0,-1,1,1,0
0,-1,1,1,0
0,-1,1,1,0
0,-1,1,1,0
0,-1,1,1,0
0,-1,1,1,0
0,-1,1,1,0
0,-1,1,1,0
0,-1,1,1,0
0,-1,1,1,0
0,-1,1,1,0
0,-1,1,1,0
0,-1,1,1,0
1,80,1,2,0
1,7,1,2,0
0,-1,1,1,0
0,-1,1,1,0
0,-1,1,1,0
0,-1,1,1,0
0,-1,1,1,0
0,-1,2,2,0
0,-1,1,1,0
0,-1,1,1,0
0,-1,1,1,0
0,-1,1,1,0
1,44,1,2,0
0,-1,1,1,0
0,-1,1,1,0
0,-1,1,1,0
0,-1,1,1,0
0,-1,1,1,0
0,34333.5,4,5,0
0,-1,1,1,0
0,-1,1,1,0
0,-1,1,1,0
0,-1,1,1,0
0,-1,2,2,0
0,-1,1,1,0
0,-1,1,1,0
0,-1,1,1,0
0,-1,1,1,0
0,-1,1,1,0
0,2908,3,4,0
0,-1,1,1,0
0,-1,1,1,0
0,-1,1,1,0
0,232,1,2,0
1,4,1,2,0
0,-1,1,1,0
0,-1,1,1,0
0,-1,1,1,0
0,-1,1,1,0
0,-1,2,2,0
0,-1,1,1,0
0,-1,1,1,0
0,-1,1,1,0
0,-1,1,1,0
0,-1,2,2,0
0,10478,4,5,0
0,-1,1,1,0
0,-1,1,1,0
0,-1,1,1,0
0,-1,1,1,0
0,-1,1,1,0
0,-1,1,1,0
0,-1,1,1,0
0,-1,1,1,0
0,-1,1,1,0
0,-1,1,1,0
1,4.5,1,3,0
0,-1,1,1,0
0,-1,1,1,0
0,-1,1,1,0
1,13,1,2,0
1,5,1,2,0
0,-1,1,1,0
0,66550,3,3,0
0,-1,1,1,0
0,-1,1,1,0
0,-1,1,1,0
0,-1,1,1,0
0,-1,1,1,0
0,-1,1,1,0
0,-1,1,1,0
0,-1,1,1,0
1,12,1,3,0
0,-1,1,1,0
0,-1,1,1,0
0,-1,1,1,0
0,-1,1,1,0
0,-1,1,1,0
0,-1,1,1,0
1,4.5,1,3,0
0,-1,1,1,0
0,-1,1,1,0
0,-1,1,1,0
0,-1,1,1,0
1,72.5,1,3,0
1,7,1,2,0
1,4,2,5,0
1,7,1,4,1
0,2268,3,4,0
0,-1,1,1,0
0,-1,1,1,0
0,-1,1,1,0
0,-1,4,4,0
0,-1,1,1,0
0,-1,1,1,0
0,-1,1,1,0
0,-1,1,1,0
0,-1,1,1,0
0,-1,1,1,0
0,1249,1,2,0
0,-1,1,1,0
0,-1,1,1,0
0,-1,1,1,0
0,-1,1,1,0
0,-1,1,1,0
0,-1,2,2,0
0,-1,1,1,0
0,-1,1,1,0
0,344,1,2,0
0,-1,1,1,0
0,-1,1,1,0
0,-1,1,1,0
0,-1,1,1,0
0,-1,1,1,0
0,-1,2,2,0
0,-1,1,1,0
0,-1,1,1,0
0,15210,1,2,0
0,-1,1,1,0
0,-1,1,1,0
0,-1,2,2,0
0,-1,1,1,0
0,-1,2,2,0
0,-1,1,1,0
0,-1,2,2,0
0,-1,1,1,0
0,-1,2,2,0
0,-1,1,1,0
0,-1,1,1,0
0,-1,1,1,0
0,-1,1,1,0
0,-1,1,1,0
0,-1,1,1,0
0,-1,1,1,0
0,-1,1,1,0
0,-1,1,1,0
0,-1,1,1,0
0,-1,1,1,0
0,-1,1,1,0
0,-1,1,1,0
0,-1,1,1,0
0,-1,1,1,0
0,-1,1,1,0
0,-1,1,1,0
0,-1,1,1,0
0,-1,1,1,0
0,-1,2,2,0
0,-1,1,1,0
0,-1,1,1,0
0,-1,1,1,0
0,-1,1,1,0
0,-1,1,1,0
0,-1,1,1,0
0,-1,1,1,0
0,-1,1,1,0
0,-1,1,1,0
0,-1,1,1,0
0,-1,1,1,0
0,-1,1,1,0
0,-1,1,1,0
0,-1,1,1,0
0,-1,1,1,0
0,-1,1,1,0
0,-1,1,1,0
0,-1,1,1,0
0,-1,1,1,0
0,-1,1,1,0
0,-1,1,1,0
0,-1,1,1,0
0,-1,2,2,0
0,-1,1,1,0
0,-1,1,1,0
0,-1,1,1,0
0,-1,1,1,0
0,-1,2,2,0
0,-1,1,1,0
0,-1,1,1,0
0,81974,3,3,0
0,-1,1,1,0
0,-1,1,1,0
0,-1,1,1,0
0,2337,1,2,0
0,-1,2,2,0
0,-1,1,1,0
0,-1,1,1,0
0,-1,1,1,0
0,-1,1,1,0
0,-1,1,1,0
0,-1,1,1,0
0,-1,1,1,0
0,-1,1,1,0
0,-1,1,1,0
0,-1,1,1,0
1,119,1,2,0
0,-1,1,1,0
0,-1,2,2,0
0,-1,1,1,0
0,-1,1,1,0
0,-1,2,2,0
0,-1,1,1,0
0,-1,1,1,0
0,-1,1,1,0
0,-1,1,1,0
0,-1,1,1,0
0,-1,1,1,0
0,-1,1,1,0
0,-1,1,1,0
0,-1,1,1,0
0,-1,2,2,0
0,-1,1,1,0
0,-1,2,2,0
0,-1,1,1,0
0,-1,1,1,0
0,-1,2,2,0
0,-1,1,1,0
0,-1,1,1,0
0,-1,1,1,0
0,-1,1,1,0
0,-1,1,1,0
0,-1,1,1,0
0,-1,1,1,0
0,-1,1,1,0
0,-1,1,1,0
0,-1,2,2,0
0,-1,1,1,0
0,-1,1,1,0
0,-1,1,1,0
0,-1,2,2,0
0,-1,1,1,0
0,-1,1,1,0
0,-1,1,1,0
0,-1,1,1,0
1,149,1,2,0
0,-1,1,1,0
0,-1,1,1,0
0,-1,1,1,0
0,-1,1,1,0
0,2377,3,4,0
0,-1,1,1,0
0,-1,1,1,0
0,-1,1,1,0
0,-1,1,1,0
0,-1,1,1,0
0,-1,1,1,0
0,-1,1,1,0
0,-1,1,1,0
0,-1,1,1,0
0,-1,1,1,0
0,-1,1,1,0
0,-1,1,1,0
1,50,1,2,0
0,-1,1,1,0
0,-1,1,1,0
0,-1,1,1,0
0,-1,1,1,0
0,-1,1,1,0
0,-1,1,1,0
1,28,1,2,0
0,-1,2,2,0
0,-1,1,1,0
0,-1,1,1,0
0,-1,2,2,0
0,3437,2,3,0
0,-1,1,1,0
0,-1,1,1,0
0,-1,1,1,0
0,-1,1,1,0
0,-1,1,1,0
0,-1,1,1,0
0,-1,1,1,0
0,-1,2,2,0
0,-1,1,1,0
0,-1,1,1,0
0,-1,1,1,0
0,-1,1,1,0
0,-1,1,1,0
0,-1,1,1,0
0,-1,1,1,0
0,-1,1,1,0
0,-1,1,1,0
0,-1,1,1,0
0,-1,3,3,0
0,-1,1,1,0
0,-1,2,2,0
0,-1,1,1,0
0,-1,1,1,0
0,-1,1,1,0
0,-1,2,2,0
0,-1,1,1,0
0,-1,1,1,0
0,-1,1,1,0
0,-1,1,1,0
0,-1,1,1,0
0,-1,3,3,0
0,-1,1,1,0
0,-1,1,1,0
0,-1,1,1,0
0,-1,1,1,0
0,-1,1,1,0
0,-1,1,1,0
0,-1,1,1,0
0,-1,2,2,0
0,-1,1,1,0
0,-1,2,2,0
0,-1,1,1,0
0,162,1,2,0
0,-1,1,1,0
0,-1,2,2,0
0,-1,2,2,0
0,-1,1,1,0
0,-1,1,1,0
0,-1,1,1,0
0,-1,1,1,0
0,-1,1,1,0
0,-1,1,1,0
0,-1,1,1,0
0,-1,1,1,0
0,-1,1,1,0
0,-1,1,1,0
0,-1,1,1,0
0,-1,1,1,0
0,-1,1,1,0
0,-1,1,1,0
0,-1,3,3,0
0,-1,1,1,0
0,-1,1,1,0
0,-1,1,1,0
1,16,1,2,0
0,-1,1,1,0
0,-1,1,1,0
0,-1,1,1,0
0,-1,1,1,0
0,-1,1,1,0
0,-1,3,3,0
0,-1,1,1,0
0,-1,1,1,0
0,-1,1,1,0
0,-1,1,1,0
0,-1,1,1,0
0,-1,1,1,0
1,-1,3,3,0.923076923
0,-1,1,1,0
0,-1,1,1,0
0,-1,1,1,0
0,-1,1,1,0
0,-1,1,1,0
0,-1,1,1,0
0,-1,1,1,0
0,-1,1,1,0
0,-1,1,1,0
0,-1,1,1,0
0,-1,1,1,0
0,-1,1,1,0
0,-1,1,1,0
0,-1,1,1,0
0,-1,1,1,0
0,-1,1,1,0
0,-1,1,1,0
0,-1,1,1,0
0,-1,1,1,0
0,-1,1,1,0
0,-1,1,1,0
0,-1,1,1,0
0,-1,1,1,0
0,-1,1,1,0
0,-1,1,1,0
0,-1,1,1,0
0,-1,1,1,0
0,-1,1,1,0
0,-1,2,2,0
0,-1,1,1,0
0,-1,1,1,0
0,-1,1,1,0
1,12.5,1,3,1
0,-1,1,1,0
0,-1,1,1,0
0,-1,1,1,0
0,-1,1,1,0
0,-1,1,1,0
0,-1,1,1,0
0,-1,1,1,0
0,-1,1,1,0
0,-1,1,1,0
0,-1,1,1,0
0,-1,2,2,0
0,-1,1,1,0
0,-1,1,1,0
0,-1,1,1,0
0,-1,1,1,0
0,-1,1,1,0
0,-1,1,1,0
0,-1,1,1,0
0,-1,1,1,0
0,-1,1,1,0
0,-1,1,1,0
0,-1,1,1,0
0,-1,1,1,0
0,-1,1,1,0
0,-1,1,1,0
0,-1,1,1,0
0,-1,1,1,0
0,-1,1,1,0
0,-1,1,1,0
0,-1,1,1,0
0,-1,1,1,0
0,-1,1,1,0
0,-1,1,1,0
0,-1,1,1,0
0,-1,1,1,0
0,-1,1,1,0
0,-1,1,1,0
0,-1,1,1,0
0,-1,1,1,0
0,-1,1,1,0
0,-1,1,1,0
0,-1,1,1,0
0,-1,1,1,0
0,-1,1,1,0
0,-1,1,1,0
0,-1,1,1,0
0,-1,1,1,0
0,-1,1,1,0
0,-1,1,1,0
0,-1,1,1,0
0,-1,1,1,0
0,-1,1,1,0
0,-1,1,1,0
0,-1,1,1,0
0,-1,1,1,0
0,-1,1,1,0
0,-1,1,1,0
0,-1,1,1,0
0,-1,2,2,0
1,64,1,2,0
0,-1,1,1,0
0,-1,1,1,0
0,-1,1,1,0
0,-1,1,1,0
0,-1,1,1,0
0,-1,1,1,0
0,-1,1,1,0
0,-1,1,1,0
0,19295,1,2,0
0,-1,1,1,0
0,-1,1,1,0
0,-1,1,1,0
0,-1,1,1,0
0,-1,1,1,0
0,-1,1,1,0
0,-1,1,1,0
0,-1,1,1,0
0,-1,1,1,0
0,-1,1,1,0
0,-1,1,1,0
0,-1,1,1,0
0,-1,1,1,0
0,-1,1,1,0
0,-1,1,1,0
0,-1,1,1,0
0,-1,1,1,0
0,-1,1,1,0
0,-1,1,1,0
0,-1,1,1,0
0,-1,1,1,0
0,-1,1,1,0
0,-1,1,1,0
0,-1,1,1,0
0,-1,1,1,0
0,-1,1,1,0
0,-1,1,1,0
0,-1,1,1,0
0,-1,1,1,0
0,-1,1,1,0
0,-1,1,1,0
0,-1,1,1,0
0,-1,1,1,0
0,-1,1,1,0
0,-1,1,1,0
0,-1,1,1,0
0,-1,1,1,0
1,10933,3,4,1
0,-1,1,1,0
0,-1,1,1,0
0,-1,1,1,0
0,-1,1,1,0
0,-1,1,1,0
0,-1,1,1,0
0,-1,1,1,0
0,-1,1,1,0
0,-1,1,1,0
0,-1,1,1,0
0,-1,1,1,0
0,-1,1,1,0
0,-1,1,1,0
0,-1,1,1,0
0,-1,1,1,0
0,-1,1,1,0
0,-1,2,2,0
0,-1,1,1,0
0,-1,1,1,0
0,-1,1,1,0
0,-1,1,1,0
0,-1,1,1,0
0,-1,1,1,0
0,-1,1,1,0
0,-1,1,1,0
1,145,1,2,0
0,-1,1,1,0
0,-1,1,1,0
0,-1,1,1,0
0,-1,1,1,0
0,-1,1,1,0
0,-1,1,1,0
0,-1,1,1,0
0,-1,1,1,0
0,-1,1,1,0
0,-1,1,1,0
0,-1,1,1,0
0,-1,1,1,0
0,-1,1,1,0
0,-1,1,1,0
0,-1,1,1,0
0,-1,1,1,0
0,-1,1,1,0
0,-1,1,1,0
0,-1,1,1,0
0,-1,1,1,0
0,-1,1,1,0
0,-1,1,1,0
0,-1,2,2,0
0,-1,1,1,0
0,-1,1,1,0
0,-1,1,1,0
0,-1,1,1,0
0,-1,1,1,0
0,-1,1,1,0
0,-1,1,1,0
0,-1,1,1,0
0,-1,1,1,0
0,-1,1,1,0
0,-1,1,1,0
0,-1,1,1,0
0,-1,1,1,0
0,-1,1,1,0
0,-1,1,1,0
0,-1,1,1,0
0,-1,1,1,0
0,-1,1,1,0
0,-1,1,1,0
0,-1,1,1,0
0,-1,1,1,0
0,-1,1,1,0
0,-1,1,1,0
0,-1,1,1,0
0,-1,1,1,0
0,-1,1,1,0
0,-1,1,1,0
0,-1,1,1,0
0,-1,1,1,0
0,-1,1,1,0
1,29,1,2,0
0,-1,1,1,0
0,-1,1,1,0
0,-1,1,1,0
0,-1,1,1,0
0,-1,1,1,0
0,-1,1,1,0
0,-1,1,1,0
0,-1,1,1,0
0,-1,1,1,0
0,-1,1,1,0
0,-1,1,1,0
0,-1,1,1,0
0,-1,1,1,0
0,-1,1,1,0
0,-1,1,1,0
0,-1,1,1,0
0,-1,1,1,0
0,-1,1,1,0
0,-1,1,1,0
0,-1,3,3,0
0,-1,1,1,0
0,-1,1,1,0
0,-1,1,1,0
0,-1,1,1,0
0,-1,1,1,0
0,-1,1,1,0
0,-1,1,1,0
0,-1,1,1,0
0,-1,1,1,0
0,-1,1,1,0
0,-1,1,1,0
0,12725,1,2,0
0,-1,1,1,0
0,-1,2,2,0
0,-1,1,1,0
0,-1,1,1,0
0,219,1,2,0
0,-1,1,1,0
0,-1,1,1,0
0,-1,1,1,0
0,-1,1,1,0
0,-1,1,1,0
0,-1,1,1,0
0,-1,1,1,0
0,-1,1,1,0
0,-1,1,1,0
0,-1,1,1,0
0,-1,1,1,0
0,-1,1,1,0
0,-1,1,1,0
0,-1,1,1,0
0,-1,1,1,0
0,-1,1,1,0
0,-1,1,1,0
0,-1,1,1,0
0,-1,1,1,0
0,-1,1,1,0
0,-1,1,1,0
0,-1,1,1,0
0,-1,1,1,0
0,-1,1,1,0
0,-1,1,1,0
0,-1,1,1,0
1,24,1,2,0
0,-1,1,1,0
0,-1,1,1,0
0,-1,1,1,0
0,-1,1,1,0
0,-1,1,1,0
0,-1,1,1,0
0,-1,1,1,0
0,-1,1,1,0
0,-1,1,1,0
0,-1,1,1,0
0,-1,1,1,0
0,-1,1,1,0
0,-1,1,1,0
0,-1,1,1,0
0,-1,1,1,0
0,-1,1,1,0
0,-1,1,1,0
0,-1,1,1,0
0,-1,1,1,0
0,394,1,2,0
0,-1,1,1,0
0,-1,1,1,0
0,-1,1,1,0
0,-1,1,1,0
0,-1,1,1,0
0,-1,1,1,0
0,-1,1,1,0
0,-1,1,1,0
0,-1,1,1,0
0,-1,1,1,0
0,-1,1,1,0
1,4,1,3,0
0,-1,1,1,0
0,-1,1,1,0
0,-1,1,1,0
1,118,1,3,1
0,-1,1,1,0
0,-1,1,1,0
0,-1,1,1,0
0,-1,1,1,0
0,-1,1,1,0
0,-1,1,1,0
0,-1,1,1,0
0,-1,1,1,0
0,-1,1,1,0
0,-1,1,1,0
0,-1,1,1,0
0,-1,1,1,0
0,-1,1,1,0
0,-1,4,4,0
0,-1,1,1,0
0,-1,1,1,0
0,1767.5,2,4,0
0,-1,1,1,0
1,123,1,2,0
0,-1,1,1,0
0,-1,1,1,0
0,-1,1,1,0
0,-1,1,1,0
0,-1,1,1,0
0,-1,2,2,0
0,-1,1,1,0
0,-1,1,1,0
0,-1,1,1,0
1,26,1,2,0
0,-1,1,1,0
0,-1,1,1,0
0,-1,1,1,0
0,-1,1,1,0
0,-1,1,1,0
0,-1,1,1,0
0,-1,1,1,0
0,-1,1,1,0
0,-1,1,1,0
0,-1,1,1,0
0,-1,1,1,0
0,-1,1,1,0
0,-1,1,1,0
1,25,1,2,0
0,-1,1,1,0
0,-1,1,1,0
0,-1,1,1,0
0,-1,1,1,0
0,-1,1,1,0
0,-1,1,1,0
0,-1,1,1,0
0,-1,1,1,0
0,-1,1,1,0
0,-1,1,1,0
0,-1,1,1,0
0,-1,1,1,0
0,-1,1,1,0
0,-1,1,1,0
0,-1,2,2,0
0,-1,1,1,0
0,-1,1,1,0
0,-1,1,1,0
0,-1,1,1,0
0,-1,1,1,0
0,-1,1,1,0
0,-1,1,1,0
0,-1,1,1,0
0,-1,1,1,0
0,-1,1,1,0
0,-1,1,1,0
0,-1,1,1,0
0,-1,1,1,0
0,-1,1,1,0
0,-1,1,1,0
0,-1,2,2,0
0,-1,1,1,0
0,-1,1,1,0
0,-1,1,1,0
0,-1,1,1,0
0,-1,1,1,0
0,-1,1,1,0
0,-1,1,1,0
0,-1,1,1,0
0,-1,1,1,0
0,-1,1,1,0
0,-1,2,2,0
0,-1,1,1,0
0,-1,1,1,0
0,-1,1,1,0
0,-1,1,1,0
0,-1,1,1,0
0,-1,1,1,0
0,-1,1,1,0
0,-1,2,2,0
0,-1,1,1,0
0,-1,1,1,0
0,-1,2,2,0
0,-1,1,1,0
0,-1,1,1,0
0,-1,1,1,0
1,61,1,2,0
0,-1,1,1,0
0,-1,1,1,0
0,-1,1,1,0
0,-1,1,1,0
0,-1,1,1,0
0,-1,1,1,0
0,-1,1,1,0
0,-1,1,1,0
1,84,1,2,0
0,-1,1,1,0
0,-1,1,1,0
0,-1,1,1,0
0,-1,1,1,0
0,-1,1,1,0
0,-1,1,1,0
0,-1,1,1,0
0,-1,1,1,0
0,-1,1,1,0
0,-1,1,1,0
0,-1,1,1,0
0,-1,1,1,0
0,-1,1,1,0
0,-1,1,1,0
0,-1,1,1,0
0,-1,1,1,0
0,-1,1,1,0
0,-1,1,1,0
0,-1,1,1,0
0,-1,2,2,0
0,-1,1,1,0
0,-1,1,1,0
0,-1,1,1,0
0,21874,4,5,0
0,-1,1,1,0
0,-1,1,1,0
0,-1,1,1,0
0,-1,1,1,0
0,58737,5,5,0
0,-1,1,1,0
0,-1,1,1,0
0,-1,1,1,0
0,-1,1,1,0
0,-1,1,1,0
0,-1,1,1,0
0,-1,2,2,0
0,-1,3,3,0
0,-1,1,1,0
0,-1,1,1,0
0,-1,1,1,0
0,-1,2,2,0
0,-1,2,2,0
0,-1,1,1,0
0,-1,1,1,0
0,-1,1,1,0
0,-1,1,1,0
0,-1,1,1,0
0,-1,1,1,0
0,-1,1,1,0
0,-1,3,3,0
0,-1,1,1,0
0,-1,1,1,0
0,-1,1,1,0
0,-1,2,2,0
0,-1,1,1,0
0,-1,1,1,0
0,32556,3,4,0
0,38668,3,5,0
0,-1,1,1,0
0,-1,2,2,0
0,-1,1,1,0
0,-1,1,1,0
0,-1,1,1,0
0,-1,3,3,0
0,-1,1,1,0
0,-1,1,1,0
0,-1,1,1,0
0,-1,2,2,0
0,-1,1,1,0
0,-1,1,1,0
0,-1,1,1,0
0,-1,1,1,0
0,-1,1,1,0
0,-1,1,1,0
0,-1,1,1,0
0,-1,1,1,0
0,-1,1,1,0
0,-1,1,1,0
0,-1,1,1,0
0,-1,1,1,0
0,-1,1,1,0
1,33,1,3,0
0,-1,1,1,0
0,-1,1,1,0
0,-1,1,1,0
0,-1,1,1,0
0,-1,1,1,0
0,-1,1,1,0
0,-1,2,2,0
0,-1,1,1,0
0,-1,1,1,0
0,-1,1,1,0
0,-1,1,1,0
0,-1,1,1,0
0,-1,1,1,0
0,-1,1,1,0
0,-1,1,1,0
0,-1,1,1,0
0,-1,1,1,0
0,-1,3,3,0
0,-1,2,2,0
0,-1,1,1,0
0,-1,1,1,0
0,-1,1,1,0
0,-1,1,1,0
0,-1,1,1,0
0,-1,1,1,0
0,-1,1,1,0
0,-1,2,2,0
0,-1,1,1,0
1,5,1,2,0
0,-1,1,1,0
0,-1,2,2,0
0,-1,1,1,0
0,-1,1,1,0
0,-1,1,1,0
0,-1,1,1,0
0,-1,1,1,0
0,-1,1,1,0
0,-1,1,1,0
0,-1,1,1,0
0,-1,1,1,0
0,-1,1,1,0
0,-1,1,1,0
0,-1,1,1,0
0,-1,1,1,0
0,-1,1,1,0
0,-1,1,1,0
0,-1,1,1,0
0,-1,1,1,0
0,-1,1,1,0
0,-1,1,1,0
0,-1,1,1,0
0,-1,1,1,0
0,-1,1,1,0
0,-1,2,2,0
0,2090.5,2,4,0
0,-1,2,2,0
0,-1,1,1,0
0,-1,1,1,0
0,-1,1,1,0
0,-1,1,1,0
0,-1,1,1,0
0,-1,1,1,0
0,-1,1,1,0
0,-1,2,2,0
0,-1,1,1,0
0,-1,2,2,0
0,-1,3,3,0
0,-1,1,1,0
0,-1,1,1,0
0,-1,1,1,0
0,-1,1,1,0
0,-1,1,1,0
0,-1,1,1,0
0,-1,1,1,0
0,-1,1,1,0
0,-1,1,1,0
0,-1,1,1,0
0,-1,1,1,0
0,-1,1,1,0
0,-1,1,1,0
0,-1,1,1,0
0,-1,1,1,0
0,-1,1,1,0
0,-1,1,1,0
0,-1,1,1,0
0,-1,1,1,0
0,-1,1,1,0
0,-1,1,1,0
0,-1,1,1,0
0,-1,1,1,0
0,-1,1,1,0
0,-1,2,2,0
0,1721,3,4,0
0,2712,1,2,0
0,-1,1,1,0
0,-1,1,1,0
0,-1,1,1,0
0,-1,1,1,0
0,-1,1,1,0
0,-1,1,1,0
0,-1,1,1,0
0,-1,1,1,0
0,-1,2,2,0
0,-1,1,1,0
0,-1,1,1,0
0,-1,1,1,0
0,-1,1,1,0
0,-1,1,1,0
0,-1,2,2,0
0,-1,1,1,0
0,-1,1,1,0
0,-1,2,2,0
0,-1,2,2,0
0,-1,1,1,0
0,-1,1,1,0
0,-1,1,1,0
0,-1,1,1,0
0,4074.333333,5,11,0
0,-1,1,1,0
0,-1,1,1,0
0,-1,1,1,0
0,-1,1,1,0
0,-1,1,1,0
0,-1,1,1,0
0,-1,1,1,0
0,-1,1,1,0
0,-1,2,2,0
0,-1,2,2,0
0,-1,2,2,0
0,-1,1,1,0
0,-1,1,1,0
0,-1,1,1,0
0,-1,1,1,0
0,-1,1,1,0
0,-1,1,1,0
0,-1,1,1,0
1,103,2,3,0
0,-1,1,1,0
0,9354,2,3,0
0,-1,1,1,0
0,-1,1,1,0
0,-1,1,1,0
0,-1,1,1,0
0,-1,1,1,0
0,-1,1,1,0
0,152,1,2,0
0,-1,1,1,0
0,-1,1,1,0
0,-1,1,1,0
1,32,1,2,0
0,-1,1,1,0
0,-1,1,1,0
0,-1,3,3,0
0,-1,1,1,0
0,-1,2,2,0
0,-1,1,1,0
0,-1,1,1,0
0,-1,1,1,0
0,-1,2,2,0
0,-1,1,1,0
0,-1,2,2,0
0,-1,1,1,0
0,-1,1,1,0
0,262,1,2,0
0,-1,1,1,0
0,-1,1,1,0
0,-1,1,1,0
0,1892,4,5,0
0,-1,1,1,0
0,-1,1,1,0
0,-1,1,1,0
0,-1,1,1,0
0,-1,2,2,0
0,-1,2,2,0
0,-1,1,1,0
0,-1,1,1,0
0,-1,1,1,0
0,-1,1,1,0
0,-1,2,2,0
0,-1,1,1,0
0,-1,1,1,0
0,-1,3,3,0
0,-1,2,2,0
0,-1,1,1,0
0,-1,1,1,0
0,-1,2,2,0
0,-1,2,2,0
0,-1,1,1,0
0,-1,1,1,0
0,-1,1,1,0
1,105,1,2,0
0,-1,1,1,0
0,-1,1,1,0
0,-1,2,2,0
0,-1,1,1,0
0,-1,1,1,0
0,-1,1,1,0
0,-1,2,2,0
0,-1,1,1,0
0,-1,1,1,0
0,-1,1,1,0
0,-1,2,2,0
0,-1,1,1,0
0,-1,1,1,0
0,-1,1,1,0
0,-1,1,1,0
0,4322,3,4,0
0,-1,1,1,0
0,-1,2,2,0
0,-1,1,1,0
0,-1,1,1,0
0,-1,1,1,0
0,-1,1,1,0
0,-1,1,1,0
0,-1,1,1,0
0,-1,2,2,0
0,-1,2,2,0
0,-1,1,1,0
0,-1,1,1,0
0,-1,1,1,0
0,-1,1,1,0
0,-1,1,1,0
0,287,1,2,0
0,-1,1,1,0
0,-1,1,1,0
0,288.5,1,3,0
0,-1,1,1,0
0,-1,1,1,0
0,-1,1,1,0
0,-1,1,1,0
0,-1,1,1,0
0,-1,1,1,0
0,-1,1,1,0
0,-1,1,1,0
0,-1,1,1,0
0,-1,1,1,0
0,-1,1,1,0
0,-1,1,1,0
0,-1,3,3,0
0,-1,2,2,0
0,-1,1,1,0
0,-1,1,1,0
0,-1,1,1,0
0,-1,1,1,0
0,-1,1,1,0
0,-1,1,1,0
0,-1,2,2,0
0,-1,1,1,0
0,-1,1,1,0
0,-1,1,1,0
0,313,1,2,0
0,-1,1,1,0
0,-1,1,1,0
0,-1,1,1,0
0,-1,1,1,0
0,-1,1,1,0
0,-1,1,1,0
0,-1,1,1,0
0,-1,1,1,0
0,-1,1,1,0
0,-1,1,1,0
0,-1,1,1,0
0,-1,1,1,0
0,-1,2,2,0
0,-1,1,1,0
0,-1,1,1,0
0,-1,1,1,0
0,-1,1,1,0
0,-1,1,1,0
0,-1,1,1,0
0,-1,1,1,0
0,-1,1,1,0
0,-1,2,2,0
0,-1,1,1,0
0,-1,2,2,0
0,-1,1,1,0
0,-1,2,2,0
0,-1,1,1,0
0,-1,1,1,0
0,-1,1,1,0
0,-1,1,1,0
0,-1,2,2,0
0,-1,1,1,0
0,-1,2,2,0
0,-1,1,1,0
0,-1,1,1,0
0,-1,1,1,0
0,-1,1,1,0
0,-1,1,1,0
0,-1,1,1,0
0,-1,1,1,0
0,-1,1,1,0
0,-1,1,1,0
0,-1,1,1,0
0,-1,1,1,0
0,-1,2,2,0
0,-1,1,1,0
0,-1,1,1,0
0,-1,1,1,0
0,-1,1,1,0
0,-1,1,1,0
0,-1,1,1,0
0,-1,1,1,0
0,-1,1,1,0
0,-1,1,1,0
0,-1,2,2,0
0,-1,1,1,0
0,-1,1,1,0
0,-1,1,1,0
0,-1,1,1,0
0,-1,2,2,0
0,-1,1,1,0
0,-1,1,1,0
0,-1,1,1,0
0,-1,1,1,0
0,-1,1,1,0
0,-1,2,2,0
0,-1,1,1,0
0,-1,1,1,0
0,-1,1,1,0
0,-1,2,2,0
0,-1,1,1,0
0,-1,2,2,0
0,-1,1,1,0
0,-1,2,2,0
0,-1,1,1,0
0,-1,1,1,0
0,225,2,3,0
0,-1,1,1,0
0,-1,1,1,0
0,-1,1,1,0
0,-1,1,1,0
0,-1,1,1,0
0,-1,1,1,0
0,-1,1,1,0
0,-1,1,1,0
0,-1,2,2,0
1,67,2,3,0
0,-1,1,1,0
0,265,1,2,0
0,-1,3,3,0
0,-1,1,1,0
0,-1,1,1,0
0,-1,1,1,0
0,-1,2,2,0
0,-1,1,1,0
0,-1,1,1,0
0,-1,1,1,0
0,-1,1,1,0
0,474,2,3,0
0,-1,1,1,0
0,-1,1,1,0
0,-1,1,1,0
0,-1,2,2,0
0,-1,1,1,0
0,-1,1,1,0
1,95,1,2,0
0,-1,1,1,0
1,117,1,2,0
0,-1,2,2,0
0,-1,1,1,0
0,-1,2,2,0
0,-1,4,4,0
0,-1,2,2,0
0,-1,1,1,0
0,-1,1,1,0
0,-1,1,1,0
0,-1,2,2,0
0,-1,2,2,0
0,73115,3,3,0
0,-1,1,1,0
0,-1,1,1,0
1,73,1,2,0
0,-1,1,1,0
0,-1,1,1,0
0,-1,1,1,0
0,-1,1,1,0
0,496.5,1,3,0
0,-1,1,1,0
0,-1,1,1,0
0,-1,2,2,0
0,-1,1,1,0
0,-1,1,1,0
1,33,1,2,0
0,-1,1,1,0
0,-1,1,1,0
0,-1,1,1,0
0,-1,1,1,0
0,-1,1,1,0
0,-1,1,1,0
0,-1,1,1,0
0,-1,3,3,0
0,-1,1,1,0
0,-1,1,1,0
0,-1,2,2,0
0,-1,1,1,0
0,-1,1,1,0
0,-1,1,1,0
0,-1,1,1,0
0,-1,1,1,0
0,-1,1,1,0
0,-1,1,1,0
0,-1,1,1,0
0,-1,1,1,0
0,-1,1,1,0
0,-1,1,1,0
0,-1,3,3,0
0,-1,1,1,0
0,-1,1,1,0
0,-1,1,1,0
0,-1,1,1,0
0,-1,1,1,0
0,-1,1,1,0
0,-1,1,1,0
0,-1,2,2,0
0,-1,1,1,0
0,-1,1,1,0
0,-1,1,1,0
0,-1,3,3,0
0,-1,1,1,0
0,-1,1,1,0
0,-1,1,1,0
0,-1,1,1,0
0,-1,1,1,0
0,-1,1,1,0
0,-1,1,1,0
0,-1,1,1,0
0,-1,1,1,0
0,-1,1,1,0
0,-1,1,1,0
0,-1,1,1,0
0,-1,1,1,0
0,-1,1,1,0
0,-1,1,1,0
0,-1,2,2,0
0,461.5,1,3,0
0,-1,1,1,0
0,-1,1,1,0
0,-1,1,1,0
0,-1,1,1,0
0,-1,1,1,0
0,-1,1,1,0
0,-1,1,1,0
0,-1,1,1,0
0,-1,1,1,0
0,-1,1,1,0
0,-1,1,1,0
0,-1,1,1,0
0,-1,1,1,0
1,24,1,3,0
0,-1,1,1,0
0,-1,1,1,0
0,-1,2,2,0
0,-1,1,1,0
0,-1,1,1,0
0,-1,2,2,0
0,-1,1,1,0
0,-1,1,1,0
0,-1,1,1,0
0,-1,1,1,0
0,-1,1,1,0
0,-1,1,1,0
0,-1,1,1,0
0,-1,1,1,0
0,-1,2,2,0
0,-1,1,1,0
0,-1,1,1,0
0,-1,1,1,0
0,-1,1,1,0
0,-1,1,1,0
0,-1,1,1,0
0,-1,1,1,0
0,-1,1,1,0
0,-1,2,2,0
0,-1,1,1,0
0,-1,1,1,0
0,-1,2,2,0
0,-1,1,1,0
0,-1,2,2,0
0,-1,1,1,0
0,-1,1,1,0
0,-1,1,1,0
1,66,3,4,0
0,-1,1,1,0
0,-1,1,1,0
0,-1,1,1,0
0,-1,1,1,0
0,-1,1,1,0
0,-1,1,1,0
0,-1,1,1,0
0,-1,1,1,0
0,-1,1,1,0
0,-1,1,1,0
0,-1,1,1,0
0,-1,1,1,0
0,-1,1,1,0
0,-1,1,1,0
0,-1,1,1,0
0,-1,1,1,0
1,81,1,2,0
0,-1,1,1,0
0,-1,1,1,0
0,-1,1,1,0
0,-1,1,1,0
0,-1,1,1,0
0,-1,1,1,0
0,-1,1,1,0
0,-1,1,1,0
0,-1,1,1,0
0,-1,1,1,0
0,-1,1,1,0
0,-1,1,1,0
0,-1,1,1,0
0,-1,1,1,0
0,-1,1,1,0
0,-1,1,1,0
0,-1,1,1,0
0,-1,1,1,0
0,-1,1,1,0
0,-1,1,1,0
0,-1,1,1,0
0,-1,1,1,0
1,22,1,3,1
0,-1,1,1,0
0,-1,1,1,0
0,-1,1,1,0
0,-1,2,2,0
1,14.5,1,3,1
0,-1,1,1,0
0,-1,1,1,0
1,7,1,2,0
0,-1,1,1,0
0,-1,1,1,0
0,-1,1,1,0
0,-1,1,1,0
0,-1,1,1,0
0,-1,1,1,0
0,-1,1,1,0
0,-1,1,1,0
0,-1,1,1,0
0,-1,1,1,0
0,-1,1,1,0
0,-1,1,1,0
0,-1,1,1,0
0,-1,1,1,0
0,-1,1,1,0
0,-1,1,1,0
0,-1,1,1,0
0,-1,1,1,0
0,-1,1,1,0
0,-1,1,1,0
0,-1,1,1,0
0,-1,1,1,0
0,352,2,3,0
0,-1,2,2,0
0,-1,1,1,0
0,-1,1,1,0
0,-1,1,1,0
0,-1,1,1,0
0,-1,3,3,0
0,-1,1,1,0
0,-1,1,1,0
0,-1,1,1,0
0,-1,1,1,0
0,-1,1,1,0
0,-1,1,1,0
0,-1,1,1,0
0,-1,1,1,0
0,898,1,2,0
0,-1,1,1,0
0,-1,1,1,0
0,-1,2,2,0
0,-1,1,1,0
0,-1,1,1,0
0,-1,1,1,0
0,-1,1,1,0
0,-1,1,1,0
0,-1,1,1,0
0,4970,1,2,0
0,-1,1,1,0
0,-1,1,1,0
0,-1,1,1,0
0,-1,1,1,0
0,-1,1,1,0
0,-1,1,1,0
0,-1,1,1,0
0,-1,1,1,0
0,-1,1,1,0
0,-1,1,1,0
0,-1,1,1,0
0,-1,1,1,0
0,-1,1,1,0
0,-1,1,1,0
0,-1,1,1,0
0,-1,1,1,0
0,-1,1,1,0
0,-1,1,1,0
1,2.5,1,3,0
0,-1,1,1,0
0,-1,1,1,0
0,-1,1,1,0
0,-1,1,1,0
0,-1,1,1,0
0,-1,1,1,0
0,-1,1,1,0
0,-1,1,1,0
0,223,2,3,0
0,-1,1,1,0
0,-1,1,1,0
0,-1,1,1,0
0,-1,1,1,0
0,-1,1,1,0
0,-1,1,1,0
0,-1,1,1,0
0,-1,1,1,0
0,-1,1,1,0
0,-1,1,1,0
0,-1,1,1,0
0,-1,1,1,0
0,-1,1,1,0
0,-1,1,1,0
0,-1,1,1,0
0,-1,2,2,0
0,-1,1,1,0
0,-1,2,2,0
1,21,1,2,0
0,-1,1,1,0
0,-1,1,1,0
0,-1,1,1,0
0,-1,1,1,0
0,-1,1,1,0
0,-1,1,1,0
0,-1,1,1,0
0,-1,1,1,0
0,-1,2,2,0
0,-1,1,1,0
0,-1,1,1,0
0,-1,1,1,0
0,-1,1,1,0
0,-1,1,1,0
0,390,1,2,0
0,-1,1,1,0
0,-1,1,1,0
0,-1,1,1,0
0,-1,1,1,0
0,-1,1,1,0
0,-1,1,1,0
0,-1,1,1,0
0,-1,1,1,0
0,-1,1,1,0
0,-1,1,1,0
0,-1,1,1,0
0,-1,1,1,0
0,-1,1,1,0
0,-1,1,1,0
0,-1,1,1,0
0,30276,1,2,0
0,-1,1,1,0
0,-1,1,1,0
0,-1,1,1,0
0,-1,1,1,0
0,-1,1,1,0
0,-1,1,1,0
0,-1,1,1,0
0,-1,1,1,0
0,-1,1,1,0
0,-1,1,1,0
0,-1,1,1,0
0,-1,1,1,0
0,-1,1,1,0
0,-1,1,1,0
0,-1,2,2,0
0,-1,2,2,0
0,-1,1,1,0
0,-1,1,1,0
0,-1,1,1,0
0,-1,1,1,0
0,-1,1,1,0
0,-1,1,1,0
0,-1,1,1,0
0,-1,1,1,0
1,38,1,2,0
1,116,2,3,0
0,-1,1,1,0
0,-1,1,1,0
0,-1,1,1,0
0,-1,1,1,0
0,-1,1,1,0
0,-1,1,1,0
0,-1,1,1,0
0,-1,1,1,0
0,-1,1,1,0
0,-1,1,1,0
0,-1,1,1,0
0,-1,1,1,0
0,-1,1,1,0
0,-1,1,1,0
0,-1,1,1,0
0,-1,1,1,0
0,-1,1,1,0
0,-1,1,1,0
0,-1,1,1,0
0,-1,1,1,0
0,-1,1,1,0
0,-1,1,1,0
0,-1,1,1,0
0,-1,1,1,0
0,-1,1,1,0
0,-1,1,1,0
0,-1,1,1,0
0,-1,1,1,0
0,-1,1,1,0
0,-1,1,1,0
0,-1,1,1,0
0,-1,1,1,0
0,-1,1,1,0
0,176,1,2,0
0,-1,1,1,0
0,-1,1,1,0
0,-1,1,1,0
0,-1,1,1,0
0,-1,1,1,0
0,-1,1,1,0
0,-1,1,1,0
0,-1,1,1,0
0,-1,1,1,0
0,-1,1,1,0
0,-1,1,1,0
0,152,1,2,0
0,-1,1,1,0
0,-1,1,1,0
0,156,1,2,0
0,-1,1,1,0
0,-1,1,1,0
0,-1,1,1,0
0,-1,1,1,0
0,-1,1,1,0
0,-1,1,1,0
0,-1,1,1,0
0,-1,1,1,0
0,-1,1,1,0
0,-1,1,1,0
0,-1,1,1,0
0,-1,1,1,0
0,-1,1,1,0
0,-1,1,1,0
0,-1,1,1,0
0,-1,1,1,0
0,-1,1,1,0
0,-1,1,1,0
0,-1,1,1,0
0,-1,1,1,0
0,-1,1,1,0
0,-1,1,1,0
0,-1,1,1,0
0,-1,1,1,0
0,-1,1,1,0
0,-1,1,1,0
0,-1,1,1,0
0,-1,1,1,0
0,-1,1,1,0
0,-1,1,1,0
0,-1,1,1,0
0,-1,1,1,0
0,-1,1,1,0
0,-1,1,1,0
0,-1,1,1,0
0,-1,1,1,0
0,-1,1,1,0
0,-1,1,1,0
0,-1,1,1,0
0,-1,1,1,0
0,-1,1,1,0
0,-1,1,1,0
0,-1,1,1,0
0,-1,1,1,0
0,-1,1,1,0
1,36.66666667,1,4,0
0,-1,1,1,0
0,-1,1,1,0
0,-1,1,1,0
0,-1,1,1,0
0,-1,1,1,0
0,-1,1,1,0
1,140,1,2,0
0,-1,1,1,0
0,-1,1,1,0
0,-1,1,1,0
0,-1,1,1,0
0,-1,1,1,0
0,-1,1,1,0
1,80,1,3,0
0,-1,1,1,0
0,-1,1,1,0
0,-1,1,1,0
0,-1,1,1,0
0,-1,1,1,0
0,-1,1,1,0
0,-1,1,1,0
0,-1,1,1,0
0,-1,1,1,0
0,-1,1,1,0
0,-1,1,1,0
0,-1,1,1,0
0,-1,1,1,0
0,-1,1,1,0
0,-1,1,1,0
0,-1,1,1,0
0,-1,1,1,0
0,-1,1,1,0
0,-1,1,1,0
0,-1,1,1,0
0,-1,1,1,0
0,-1,1,1,0
0,-1,1,1,0
0,-1,1,1,0
0,-1,1,1,0
0,-1,1,1,0
0,-1,1,1,0
0,-1,1,1,0
0,-1,1,1,0
0,-1,1,1,0
0,-1,1,1,0
0,-1,1,1,0
0,-1,1,1,0
0,-1,1,1,0
0,-1,1,1,0
0,-1,1,1,0
0,-1,1,1,0
0,-1,1,1,0
0,-1,1,1,0
0,-1,1,1,0
0,-1,1,1,0
0,-1,1,1,0
0,-1,1,1,0
0,-1,1,1,0
0,-1,1,1,0
0,-1,1,1,0
0,-1,1,1,0
0,-1,1,1,0
0,-1,1,1,0
0,-1,1,1,0
0,-1,1,1,0
0,-1,1,1,0
0,-1,1,1,0
0,-1,1,1,0
0,-1,1,1,0
0,-1,1,1,0
0,-1,1,1,0
0,-1,1,1,0
0,-1,1,1,0
0,-1,1,1,0
0,-1,1,1,0
0,-1,1,1,0
0,-1,1,1,0
0,-1,1,1,0
0,-1,1,1,0
0,-1,1,1,0
0,-1,1,1,0
0,-1,1,1,0
0,-1,1,1,0
0,-1,1,1,0
0,-1,1,1,0
0,-1,1,1,0
0,-1,1,1,0
0,-1,1,1,0
0,-1,1,1,0
0,-1,1,1,0
0,-1,1,1,0
0,-1,1,1,0
0,-1,1,1,0
0,-1,1,1,0
0,-1,1,1,0
0,-1,1,1,0
0,-1,1,1,0
0,-1,1,1,0
0,-1,1,1,0
0,-1,1,1,0
0,-1,1,1,0
0,-1,1,1,0
0,-1,1,1,0
0,-1,1,1,0
0,-1,1,1,0
0,-1,1,1,0
0,-1,1,1,0
0,-1,1,1,0
0,-1,1,1,0
0,-1,1,1,0
0,-1,1,1,0
0,-1,1,1,0
0,-1,1,1,0
0,-1,1,1,0
0,-1,1,1,0
0,-1,1,1,0
0,-1,1,1,0
0,-1,1,1,0
0,-1,1,1,0
0,-1,1,1,0
0,-1,1,1,0
0,-1,1,1,0
0,-1,1,1,0
0,-1,1,1,0
0,-1,1,1,0
0,-1,1,1,0
0,-1,1,1,0
0,-1,1,1,0
0,-1,1,1,0
0,-1,1,1,0
0,-1,1,1,0
0,-1,1,1,0
0,-1,1,1,0
0,-1,1,1,0
0,-1,1,1,0
0,-1,1,1,0
0,-1,1,1,0
0,-1,1,1,0
0,-1,1,1,0
0,-1,1,1,0
0,-1,1,1,0
0,-1,1,1,0
0,-1,1,1,0
0,-1,1,1,0
0,-1,1,1,0
0,-1,1,1,0
0,-1,1,1,0
0,-1,1,1,0
0,-1,1,1,0
0,-1,1,1,0
0,-1,1,1,0
0,-1,1,1,0
0,-1,1,1,0
0,-1,1,1,0
0,-1,1,1,0
0,-1,1,1,0
0,-1,1,1,0
0,-1,1,1,0
0,-1,1,1,0
0,-1,1,1,0
0,-1,1,1,0
0,-1,1,1,0
0,-1,1,1,0
0,-1,1,1,0
0,-1,1,1,0
0,-1,1,1,0
0,-1,1,1,0
0,-1,1,1,0
1,60,1,2,0
0,-1,1,1,0
0,-1,1,1,0
0,-1,1,1,0
0,-1,1,1,0
0,-1,1,1,0
0,-1,1,1,0
0,-1,1,1,0
0,-1,1,1,0
0,-1,1,1,0
0,-1,1,1,0
0,-1,1,1,0
0,-1,1,1,0
0,-1,1,1,0
0,-1,1,1,0
0,-1,1,1,0
0,-1,1,1,0
0,-1,1,1,0
0,-1,1,1,0
0,-1,2,2,0
0,-1,1,1,0
0,-1,1,1,0
0,-1,1,1,0
0,-1,1,1,0
0,-1,1,1,0
0,-1,1,1,0
0,-1,1,1,0
0,-1,1,1,0
0,-1,1,1,0
0,-1,1,1,0
0,-1,1,1,0
1,41,1,2,0
0,-1,1,1,0
0,-1,1,1,0
0,-1,1,1,0
0,-1,1,1,0
0,-1,1,1,0
0,-1,1,1,0
0,-1,1,1,0
0,-1,1,1,0
0,-1,1,1,0
0,226,1,2,0
0,-1,1,1,0
0,-1,1,1,0
0,-1,1,1,0
0,-1,2,2,0
0,-1,1,1,0
0,-1,2,2,0
0,-1,1,1,0
0,-1,1,1,0
0,-1,1,1,0
0,-1,1,1,0
0,-1,1,1,0
0,-1,1,1,0
0,-1,1,1,0
0,-1,1,1,0
0,-1,1,1,0
0,-1,1,1,0
0,-1,1,1,0
0,-1,1,1,0
0,-1,1,1,0
0,-1,1,1,0
0,-1,1,1,0
0,-1,1,1,0
0,-1,1,1,0
0,-1,2,2,0
0,-1,1,1,0
0,-1,1,1,0
0,-1,1,1,0
0,-1,1,1,0
0,-1,1,1,0
0,-1,1,1,0
0,-1,1,1,0
0,-1,1,1,0
0,-1,1,1,0
0,-1,1,1,0
0,-1,1,1,0
0,-1,1,1,0
0,-1,1,1,0
0,-1,1,1,0
0,-1,1,1,0
0,-1,1,1,0
0,-1,1,1,0
0,-1,1,1,0
0,-1,1,1,0
0,-1,1,1,0
0,-1,1,1,0
0,-1,1,1,0
0,-1,1,1,0
0,-1,1,1,0
0,-1,1,1,0
0,-1,1,1,0
0,-1,1,1,0
0,-1,1,1,0
0,-1,1,1,0
0,-1,1,1,0
0,-1,1,1,0
0,-1,1,1,0
0,-1,1,1,0
0,-1,1,1,0
0,-1,1,1,0
0,-1,1,1,0
0,-1,1,1,0
0,-1,1,1,0
0,-1,1,1,0
0,-1,1,1,0
0,-1,1,1,0
0,-1,1,1,0
0,-1,1,1,0
0,-1,1,1,0
0,-1,1,1,0
0,-1,1,1,0
0,-1,1,1,0
0,-1,1,1,0
0,-1,1,1,0
0,-1,1,1,0
0,-1,1,1,0
0,-1,1,1,0
0,-1,1,1,0
0,-1,1,1,0
0,-1,1,1,0
0,-1,1,1,0
0,-1,1,1,0
0,-1,1,1,0
0,-1,1,1,0
0,-1,1,1,0
0,-1,1,1,0
0,-1,1,1,0
0,-1,1,1,0
0,-1,1,1,0
0,-1,1,1,0
0,-1,1,1,0
0,-1,1,1,0
0,-1,1,1,0
0,-1,1,1,0
0,-1,1,1,0
0,-1,1,1,0
0,-1,1,1,0
0,-1,1,1,0
0,-1,1,1,0
0,-1,1,1,0
0,-1,1,1,0
0,-1,1,1,0
0,-1,1,1,0
0,-1,1,1,0
0,-1,1,1,0
0,-1,1,1,0
0,-1,1,1,0
0,-1,1,1,0
0,-1,1,1,0
0,-1,1,1,0
0,-1,1,1,0
0,-1,1,1,0
0,-1,1,1,0
0,-1,1,1,0
0,-1,1,1,0
0,-1,1,1,0
0,-1,1,1,0
0,-1,1,1,0
0,-1,1,1,0
0,-1,1,1,0
0,-1,1,1,0
0,-1,1,1,0
0,-1,1,1,0
0,-1,1,1,0
0,-1,1,1,0
0,-1,1,1,0
0,-1,1,1,0
0,-1,1,1,0
0,-1,1,1,0
0,-1,1,1,0
0,-1,1,1,0
0,-1,1,1,0
0,-1,1,1,0
0,-1,1,1,0
0,157,1,2,0
0,-1,1,1,0
0,-1,1,1,0
0,-1,1,1,0
0,-1,1,1,0
0,-1,1,1,0
0,-1,1,1,0
0,-1,1,1,0
0,-1,1,1,0
0,-1,1,1,0
0,-1,1,1,0
0,-1,1,1,0
0,-1,1,1,0
0,-1,1,1,0
0,-1,1,1,0
0,-1,1,1,0
0,-1,1,1,0
0,-1,1,1,0
0,-1,1,1,0
0,-1,1,1,0
0,-1,1,1,0
0,-1,1,1,0
0,-1,1,1,0
0,-1,1,1,0
0,-1,1,1,0
0,-1,1,1,0
0,-1,1,1,0
0,-1,1,1,0
0,-1,1,1,0
0,-1,1,1,0
0,-1,1,1,0
0,-1,1,1,0
0,-1,1,1,0
0,-1,1,1,0
0,-1,1,1,0
0,-1,1,1,0
0,-1,1,1,0
0,-1,1,1,0
0,-1,1,1,0
0,-1,1,1,0
0,-1,1,1,0
0,-1,1,1,0
0,-1,1,1,0
0,-1,2,2,0
0,-1,1,1,0
0,-1,1,1,0
0,-1,1,1,0
0,-1,1,1,0
0,-1,1,1,0
0,-1,1,1,0
0,-1,1,1,0
0,-1,1,1,0
0,-1,1,1,0
0,-1,1,1,0
0,-1,1,1,0
0,-1,1,1,0
0,-1,1,1,0
0,-1,1,1,0
0,-1,1,1,0
0,-1,1,1,0
0,-1,1,1,0
0,-1,1,1,0
0,-1,1,1,0
0,-1,1,1,0
0,-1,1,1,0
0,-1,1,1,0
0,-1,1,1,0
0,-1,1,1,0
0,-1,1,1,0
0,-1,1,1,0
0,-1,1,1,0
0,-1,1,1,0
0,-1,1,1,0
0,-1,1,1,0
0,-1,1,1,0
0,-1,1,1,0
0,-1,1,1,0
0,-1,2,2,0
0,-1,1,1,0
0,-1,1,1,0
0,-1,1,1,0
0,-1,1,1,0
0,-1,1,1,0
0,-1,1,1,0
0,-1,1,1,0
0,-1,1,1,0
0,-1,1,1,0
0,-1,1,1,0
0,-1,1,1,0
0,-1,1,1,0
0,-1,1,1,0
0,-1,1,1,0
0,-1,1,1,0
0,-1,1,1,0
0,-1,1,1,0
0,-1,1,1,0
0,-1,1,1,0
1,20,1,2,0
0,-1,1,1,0
0,-1,1,1,0
0,-1,1,1,0
0,-1,1,1,0
0,-1,1,1,0
0,-1,1,1,0
0,-1,2,2,0
0,-1,1,1,0
0,-1,1,1,0
0,-1,1,1,0
0,-1,1,1,0
0,-1,1,1,0
0,-1,1,1,0
0,-1,1,1,0
0,-1,1,1,0
0,-1,1,1,0
0,-1,1,1,0
0,-1,1,1,0
0,-1,1,1,0
0,-1,1,1,0
0,-1,1,1,0
0,-1,1,1,0
0,-1,1,1,0
0,-1,1,1,0
0,-1,1,1,0
0,-1,1,1,0
0,-1,1,1,0
0,-1,1,1,0
0,-1,1,1,0
0,-1,1,1,0
0,-1,1,1,0
0,-1,1,1,0
0,-1,1,1,0
0,-1,1,1,0
0,-1,1,1,0
0,-1,1,1,0
0,-1,1,1,0
0,-1,1,1,0
0,-1,1,1,0
0,-1,1,1,0
0,-1,1,1,0
0,-1,1,1,0
1,21,1,2,0
0,-1,1,1,0
0,-1,1,1,0
0,-1,1,1,0
0,-1,2,2,0
0,-1,1,1,0
0,-1,1,1,0
0,-1,1,1,0
0,-1,1,1,0
0,-1,1,1,0
0,-1,1,1,0
0,-1,1,1,0
0,-1,1,1,0
0,-1,1,1,0
0,-1,1,1,0
0,-1,1,1,0
0,-1,1,1,0
0,-1,1,1,0
0,-1,1,1,0
0,-1,1,1,0
0,-1,1,1,0
0,-1,1,1,0
0,-1,1,1,0
0,-1,1,1,0
0,-1,1,1,0
0,-1,1,1,0
0,-1,1,1,0
0,-1,1,1,0
0,-1,1,1,0
0,-1,1,1,0
0,-1,1,1,0
0,-1,1,1,0
0,-1,1,1,0
0,-1,1,1,0
0,-1,1,1,0
0,-1,1,1,0
0,-1,1,1,0
0,-1,1,1,0
0,-1,1,1,0
0,-1,1,1,0
0,-1,1,1,0
0,-1,1,1,0
0,-1,1,1,0
0,-1,1,1,0
0,-1,1,1,0
0,-1,1,1,0
0,-1,1,1,0
0,-1,1,1,0
0,-1,1,1,0
0,-1,1,1,0
0,-1,1,1,0
0,-1,1,1,0
1,15.5,1,3,0
0,-1,1,1,0
0,-1,1,1,0
0,-1,1,1,0
0,-1,1,1,0
0,-1,1,1,0
0,-1,1,1,0
0,-1,1,1,0
0,-1,1,1,0
0,-1,1,1,0
0,-1,1,1,0
0,-1,1,1,0
0,-1,1,1,0
0,-1,1,1,0
0,-1,1,1,0
0,-1,2,2,0
0,-1,2,2,0
0,-1,2,2,0
0,-1,1,1,0
0,-1,2,2,0
0,-1,1,1,0
0,-1,1,1,0
0,-1,1,1,0
0,-1,1,1,0
0,-1,1,1,0
0,-1,1,1,0
0,-1,1,1,0
1,63.5,2,4,1
0,-1,1,1,0
0,-1,1,1,0
0,-1,1,1,0
1,12,1,3,0
0,-1,2,2,0
0,-1,1,1,0
0,-1,1,1,0
0,-1,1,1,0
0,-1,1,1,0
0,-1,1,1,0
0,-1,1,1,0
0,-1,1,1,0
0,-1,1,1,0
0,-1,1,1,0
0,-1,1,1,0
0,-1,1,1,0
0,-1,1,1,0
0,-1,1,1,0
0,-1,1,1,0
0,-1,1,1,0
0,-1,2,2,0
0,-1,1,1,0
0,-1,1,1,0
0,-1,1,1,0
0,-1,1,1,0
1,36,1,2,0
0,-1,2,2,0
0,-1,1,1,0
0,-1,1,1,0
0,-1,1,1,0
0,-1,1,1,0
0,-1,1,1,0
0,-1,1,1,0
0,-1,1,1,0
0,-1,1,1,0
0,-1,1,1,0
0,-1,1,1,0
0,-1,1,1,0
0,-1,1,1,0
0,-1,1,1,0
0,-1,1,1,0
0,-1,2,2,0
0,-1,1,1,0
0,-1,1,1,0
0,-1,1,1,0
0,-1,1,1,0
0,-1,1,1,0
0,-1,1,1,0
0,-1,1,1,0
0,-1,1,1,0
0,-1,1,1,0
0,-1,1,1,0
0,-1,1,1,0
0,-1,1,1,0
0,-1,2,2,0
1,103,1,2,0
1,14946,4,5,1
0,-1,1,1,0
0,-1,1,1,0
0,-1,1,1,0
0,-1,1,1,0
1,118,1,2,0
0,-1,1,1,0
0,-1,1,1,0
0,-1,1,1,0
0,-1,1,1,0
0,-1,1,1,0
0,-1,1,1,0
0,-1,2,2,0
0,-1,1,1,0
1,10,1,2,0
0,-1,1,1,0
0,-1,1,1,0
0,-1,2,2,0
0,-1,2,2,0
1,64,2,3,0
0,-1,1,1,0
0,-1,1,1,0
0,-1,2,2,0
0,-1,1,1,0
0,-1,2,2,0
0,-1,1,1,0
0,-1,1,1,0
0,-1,1,1,0
0,269.5,2,4,0
0,-1,1,1,0
0,-1,3,3,0
0,-1,1,1,0
0,-1,1,1,0
0,-1,2,2,0
0,-1,2,2,0
0,-1,1,1,0
0,-1,1,1,0
0,4720.5,1,3,0
0,-1,1,1,0
0,-1,1,1,0
0,-1,2,2,0
0,-1,1,1,0
0,-1,1,1,0
0,-1,2,2,0
0,-1,1,1,0
0,-1,1,1,0
0,-1,1,1,0
0,-1,1,1,0
0,-1,1,1,0
0,-1,1,1,0
0,-1,1,1,0
0,-1,1,1,0
0,-1,2,2,0
0,-1,1,1,0
0,-1,1,1,0
0,-1,1,1,0
0,-1,1,1,0
0,-1,1,1,0
0,-1,1,1,0
0,-1,1,1,0
0,-1,1,1,0
0,-1,1,1,0
0,-1,1,1,0
0,-1,1,1,0
0,-1,1,1,0
0,-1,1,1,0
0,-1,1,1,0
0,-1,2,2,0
0,-1,1,1,0
0,-1,1,1,0
0,-1,1,1,0
0,-1,1,1,0
0,-1,1,1,0
0,-1,1,1,0
0,-1,1,1,0
1,16,1,2,0
0,-1,1,1,0
0,-1,1,1,0
0,-1,1,1,0
0,-1,1,1,0
0,-1,1,1,0
0,-1,1,1,0
0,-1,1,1,0
0,-1,1,1,0
0,-1,1,1,0
0,-1,1,1,0
0,-1,1,1,0
0,-1,1,1,0
0,-1,1,1,0
0,-1,1,1,0
0,-1,1,1,0
0,-1,1,1,0
0,-1,1,1,0
0,-1,1,1,0
0,-1,1,1,0
0,49986,2,2,0
0,-1,1,1,0
0,-1,1,1,0
0,-1,1,1,0
0,-1,1,1,0
0,-1,1,1,0
0,-1,1,1,0
0,-1,1,1,0
0,-1,1,1,0
0,-1,1,1,0
0,-1,2,2,0
0,-1,1,1,0
0,-1,1,1,0
0,-1,1,1,0
0,-1,1,1,0
0,-1,2,2,0
0,-1,1,1,0
0,-1,1,1,0
0,-1,1,1,0
0,-1,1,1,0
0,-1,1,1,0
0,-1,1,1,0
0,-1,1,1,0
0,-1,1,1,0
0,-1,1,1,0
0,-1,1,1,0
0,-1,1,1,0
0,-1,1,1,0
0,-1,1,1,0
0,-1,3,3,0
0,-1,1,1,0
0,-1,1,1,0
0,-1,2,2,0
0,-1,1,1,0
0,-1,1,1,0
0,-1,1,1,0
0,-1,1,1,0
0,-1,1,1,0
0,-1,1,1,0
0,-1,1,1,0
0,-1,1,1,0
0,-1,1,1,0
0,-1,1,1,0
0,-1,1,1,0
0,71504,2,2,0
0,-1,1,1,0
0,-1,1,1,0
0,-1,1,1,0
0,-1,1,1,0
0,-1,1,1,0
0,-1,1,1,0
0,-1,1,1,0
0,-1,1,1,0
0,-1,1,1,0
0,-1,1,1,0
0,-1,1,1,0
0,-1,1,1,0
0,-1,1,1,0
0,-1,1,1,0
0,-1,1,1,0
0,-1,2,2,0
0,-1,1,1,0
0,-1,1,1,0
0,-1,1,1,0
0,-1,1,1,0
0,-1,1,1,0
0,-1,1,1,0
0,-1,1,1,0
0,-1,1,1,0
0,-1,1,1,0
0,-1,1,1,0
0,21137,1,2,0
0,-1,1,1,0
0,-1,1,1,0
0,-1,1,1,0
0,-1,1,1,0
0,-1,1,1,0
0,-1,1,1,0
0,-1,1,1,0
0,-1,1,1,0
0,-1,1,1,0
0,-1,1,1,0
0,-1,1,1,0
0,-1,1,1,0
0,-1,1,1,0
0,-1,2,2,0
1,27,2,3,0
0,-1,1,1,0
0,-1,1,1,0
0,-1,1,1,0
0,-1,1,1,0
0,-1,1,1,0
0,-1,1,1,0
0,-1,1,1,0
0,-1,2,2,0
0,-1,3,3,0
0,-1,1,1,0
0,-1,1,1,0
0,-1,1,1,0
0,-1,1,1,0
0,-1,1,1,0
0,-1,1,1,0
0,-1,1,1,0
0,-1,1,1,0
0,-1,1,1,0
0,-1,1,1,0
0,-1,1,1,0
0,-1,1,1,0
0,-1,1,1,0
0,-1,1,1,0
0,-1,1,1,0
0,-1,1,1,0
0,-1,2,2,0
0,-1,1,1,0
0,-1,1,1,0
0,-1,1,1,0
0,-1,1,1,0
0,-1,1,1,0
0,-1,1,1,0
0,-1,1,1,0
0,-1,1,1,0
1,55,2,3,1
0,-1,1,1,0
0,-1,1,1,0
0,-1,1,1,0
0,-1,1,1,0
0,-1,1,1,0
0,-1,1,1,0
0,-1,1,1,0
0,-1,1,1,0
0,-1,1,1,0
0,-1,1,1,0
0,-1,1,1,0
0,-1,1,1,0
0,-1,1,1,0
0,-1,1,1,0
0,-1,1,1,0
0,-1,1,1,0
0,-1,1,1,0
0,-1,1,1,0
0,-1,1,1,0
0,-1,1,1,0
0,-1,1,1,0
0,-1,1,1,0
0,-1,1,1,0
0,-1,1,1,0
0,-1,1,1,0
0,-1,1,1,0
0,-1,2,2,0
0,185,1,2,0
0,-1,1,1,0
0,-1,1,1,0
0,15291,2,3,0
0,-1,1,1,0
0,-1,1,1,0
0,-1,1,1,0
0,-1,1,1,0
0,-1,1,1,0
0,-1,1,1,0
1,86,2,3,0
0,-1,1,1,0
0,-1,2,2,0
0,-1,1,1,0
0,-1,1,1,0
0,-1,1,1,0
0,-1,1,1,0
0,-1,1,1,0
0,667,1,2,0
0,-1,1,1,0
0,-1,1,1,0
0,-1,1,1,0
0,-1,1,1,0
0,-1,1,1,0
0,-1,1,1,0
0,-1,1,1,0
0,-1,1,1,0
0,-1,1,1,0
0,-1,1,1,0
0,-1,2,2,0
0,-1,1,1,0
0,-1,1,1,0
0,75880,2,2,0
0,-1,1,1,0
0,-1,1,1,0
0,-1,1,1,0
0,-1,1,1,0
0,-1,1,1,0
0,-1,1,1,0
0,-1,1,1,0
0,-1,1,1,0
0,-1,1,1,0
0,-1,1,1,0
0,-1,2,2,0
0,-1,1,1,0
0,-1,1,1,0
0,-1,1,1,0
0,-1,1,1,0
0,-1,1,1,0
0,-1,1,1,0
0,-1,1,1,0
0,-1,1,1,0
0,-1,1,1,0
0,-1,1,1,0
0,-1,1,1,0
0,-1,1,1,0
0,-1,1,1,0
0,-1,1,1,0
0,-1,1,1,0
0,-1,1,1,0
0,-1,1,1,0
0,-1,1,1,0
0,-1,1,1,0
0,-1,1,1,0
0,-1,1,1,0
0,-1,1,1,0
0,-1,1,1,0
0,-1,1,1,0
0,-1,1,1,0
0,-1,1,1,0
0,-1,1,1,0
0,-1,1,1,0
0,-1,1,1,0
0,-1,1,1,0
0,-1,1,1,0
0,-1,1,1,0
0,-1,1,1,0
0,-1,1,1,0
0,-1,1,1,0
0,-1,1,1,0
0,-1,1,1,0
0,-1,1,1,0
0,-1,1,1,0
0,-1,1,1,0
0,-1,1,1,0
0,-1,1,1,0
0,-1,1,1,0
0,-1,1,1,0
0,-1,1,1,0
0,-1,1,1,0
0,-1,1,1,0
0,-1,1,1,0
0,-1,1,1,0
0,-1,1,1,0
0,-1,1,1,0
0,-1,1,1,0
0,-1,1,1,0
0,-1,1,1,0
0,-1,1,1,0
0,-1,1,1,0
0,-1,1,1,0
0,-1,1,1,0
0,-1,1,1,0
0,-1,1,1,0
0,-1,1,1,0
0,-1,1,1,0
0,-1,1,1,0
0,-1,1,1,0
0,-1,1,1,0
0,-1,1,1,0
0,-1,1,1,0
0,-1,1,1,0
0,-1,1,1,0
0,-1,1,1,0
0,-1,1,1,0
0,-1,1,1,0
0,-1,1,1,0
0,-1,1,1,0
0,-1,1,1,0
0,-1,1,1,0
0,-1,1,1,0
0,-1,1,1,0
0,-1,1,1,0
0,-1,1,1,0
0,-1,1,1,0
0,-1,1,1,0
0,-1,1,1,0
0,-1,1,1,0
0,-1,1,1,0
0,-1,1,1,0
0,-1,1,1,0
0,-1,1,1,0
0,-1,1,1,0
0,-1,1,1,0
0,-1,1,1,0
0,-1,1,1,0
1,6,1,2,0
0,-1,1,1,0
0,-1,1,1,0
0,-1,1,1,0
0,-1,1,1,0
0,-1,1,1,0
0,-1,1,1,0
0,-1,1,1,0
0,-1,1,1,0
0,-1,1,1,0
0,-1,1,1,0
0,-1,1,1,0
0,-1,1,1,0
0,-1,1,1,0
0,-1,1,1,0
0,-1,1,1,0
0,-1,1,1,0
0,-1,1,1,0
0,-1,1,1,0
0,-1,1,1,0
0,-1,1,1,0
0,-1,1,1,0
0,-1,1,1,0
1,4.5,1,3,0
0,-1,1,1,0
0,-1,1,1,0
0,-1,1,1,0
0,-1,1,1,0
0,-1,1,1,0
0,-1,1,1,0
0,-1,1,1,0
0,-1,1,1,0
0,-1,1,1,0
0,-1,1,1,0
0,-1,1,1,0
0,-1,1,1,0
0,-1,1,1,0
0,-1,1,1,0
0,-1,1,1,0
0,-1,1,1,0
0,-1,1,1,0
0,-1,1,1,0
0,-1,1,1,0
0,-1,1,1,0
0,-1,1,1,0
0,-1,1,1,0
0,-1,1,1,0
0,-1,1,1,0
0,-1,1,1,0
0,-1,1,1,0
0,-1,1,1,0
0,-1,1,1,0
0,-1,1,1,0
0,-1,1,1,0
0,-1,1,1,0
0,-1,1,1,0
0,-1,1,1,0
0,-1,1,1,0
0,-1,1,1,0
0,-1,2,2,0
0,-1,1,1,0
0,-1,1,1,0
0,-1,1,1,0
0,850,1,2,0
0,-1,1,1,0
0,-1,1,1,0
0,-1,1,1,0
0,-1,1,1,0
0,-1,1,1,0
0,-1,1,1,0
0,-1,1,1,0
0,-1,1,1,0
0,-1,1,1,0
0,-1,1,1,0
0,-1,1,1,0
0,-1,1,1,0
0,-1,1,1,0
0,-1,1,1,0
0,-1,1,1,0
0,-1,1,1,0
0,-1,1,1,0
0,-1,2,2,0
0,-1,1,1,0
0,-1,1,1,0
0,-1,1,1,0
0,-1,1,1,0
0,-1,3,3,0
0,-1,1,1,0
0,-1,1,1,0
0,-1,1,1,0
0,-1,1,1,0
0,-1,1,1,0
0,-1,1,1,0
0,-1,1,1,0
0,-1,1,1,0
0,-1,1,1,0
0,-1,1,1,0
0,-1,1,1,0
0,-1,1,1,0
0,-1,1,1,0
0,-1,1,1,0
0,-1,1,1,0
0,-1,1,1,0
0,-1,1,1,0
0,-1,1,1,0
0,-1,1,1,0
0,-1,1,1,0
0,-1,1,1,0
0,-1,1,1,0
0,-1,1,1,0
0,-1,1,1,0
0,-1,1,1,0
0,-1,1,1,0
0,-1,2,2,0
0,-1,1,1,0
0,298,1,2,0
0,75181,1,2,0
0,-1,2,2,0
0,-1,1,1,0
0,79882,1,2,0
0,-1,1,1,0
0,-1,1,1,0
0,-1,1,1,0
0,-1,1,1,0
0,-1,1,1,0
0,-1,1,1,0
0,-1,1,1,0
0,-1,1,1,0
0,-1,1,1,0
0,-1,1,1,0
0,-1,1,1,0
0,-1,1,1,0
0,-1,1,1,0
0,-1,1,1,0
0,-1,1,1,0
0,-1,1,1,0
0,-1,1,1,0
1,44,1,2,0
0,-1,1,1,0
0,-1,1,1,0
0,-1,1,1,0
0,-1,1,1,0
0,-1,2,2,0
0,-1,1,1,0
0,-1,1,1,0
0,-1,1,1,0
0,-1,1,1,0
0,-1,1,1,0
0,-1,2,2,0
0,-1,1,1,0
0,-1,1,1,0
0,-1,1,1,0
0,-1,1,1,0
0,-1,1,1,0
0,-1,1,1,0
0,-1,1,1,0
0,-1,1,1,0
0,-1,1,1,0
0,-1,1,1,0
0,-1,1,1,0
0,-1,1,1,0
0,-1,1,1,0
0,-1,1,1,0
0,-1,2,2,0
0,-1,1,1,0
0,-1,2,2,0
0,-1,1,1,0
0,-1,1,1,0
0,-1,1,1,0
0,-1,1,1,0
0,-1,2,2,0
0,-1,1,1,0
0,-1,1,1,0
0,-1,2,2,0
0,-1,2,2,0
0,-1,1,1,0
0,-1,1,1,0
0,-1,1,1,0
0,-1,1,1,0
0,-1,1,1,0
0,-1,1,1,0
0,-1,1,1,0
0,-1,2,2,0
0,-1,1,1,0
0,-1,1,1,0
0,-1,1,1,0
0,-1,2,2,0
0,-1,1,1,0
0,-1,1,1,0
0,-1,1,1,0
0,-1,2,2,0
0,-1,1,1,0
0,-1,1,1,0
0,-1,2,2,0
0,-1,1,1,0
0,-1,1,1,0
0,-1,1,1,0
0,-1,2,2,0
0,-1,1,1,0
0,-1,1,1,0
0,-1,1,1,0
0,-1,2,2,0
0,-1,1,1,0
0,-1,1,1,0
0,-1,1,1,0
0,-1,1,1,0
0,-1,1,1,0
0,-1,1,1,0
0,-1,2,2,0
0,-1,1,1,0
0,-1,1,1,0
0,-1,1,1,0
0,-1,1,1,0
0,-1,1,1,0
0,-1,1,1,0
0,-1,1,1,0
0,-1,1,1,0
0,-1,1,1,0
0,-1,1,1,0
0,-1,1,1,0
0,-1,1,1,0
0,-1,1,1,0
0,-1,1,1,0
0,-1,1,1,0
0,12575.5,1,3,0
0,-1,2,2,0
0,-1,1,1,0
0,-1,1,1,0
0,-1,2,2,0
0,-1,1,1,0
0,-1,1,1,0
0,-1,1,1,0
0,-1,1,1,0
0,-1,1,1,0
0,-1,1,1,0
0,-1,1,1,0
0,-1,1,1,0
0,-1,1,1,0
0,-1,1,1,0
0,-1,2,2,0
0,-1,1,1,0
0,-1,1,1,0
0,-1,1,1,0
0,-1,1,1,0
0,-1,1,1,0
0,-1,1,1,0
1,72,1,2,0
0,-1,1,1,0
0,-1,1,1,0
0,-1,1,1,0
0,-1,2,2,0
0,-1,1,1,0
0,-1,1,1,0
0,-1,1,1,0
0,-1,1,1,0
0,-1,1,1,0
0,-1,1,1,0
0,-1,1,1,0
0,-1,1,1,0
0,-1,1,1,0
0,-1,2,2,0
0,-1,1,1,0
0,-1,1,1,0
0,-1,1,1,0
0,-1,1,1,0
0,-1,1,1,0
0,-1,2,2,0
0,-1,1,1,0
0,-1,1,1,0
0,-1,1,1,0
0,-1,1,1,0
0,-1,1,1,0
0,-1,1,1,0
0,-1,1,1,0
1,48,1,2,0
0,-1,1,1,0
0,-1,1,1,0
0,-1,1,1,0
0,-1,1,1,0
0,-1,1,1,0
0,-1,1,1,0
0,-1,1,1,0
0,-1,1,1,0
0,-1,1,1,0
0,-1,1,1,0
0,-1,1,1,0
0,-1,1,1,0
0,-1,1,1,0
0,-1,1,1,0
0,-1,1,1,0
0,-1,1,1,0
0,-1,1,1,0
0,-1,1,1,0
0,-1,1,1,0
0,-1,1,1,0
0,-1,1,1,0
0,-1,1,1,0
0,-1,1,1,0
0,-1,1,1,0
0,-1,1,1,0
0,1948,2,3,0
0,-1,1,1,0
0,382,1,2,0
0,-1,1,1,0
0,-1,1,1,0
0,-1,1,1,0
0,-1,1,1,0
0,-1,1,1,0
0,76813,2,2,0
0,-1,1,1,0
0,-1,1,1,0
0,-1,1,1,0
0,-1,1,1,0
0,-1,1,1,0
0,-1,1,1,0
0,-1,1,1,0
0,-1,2,2,0
0,-1,1,1,0
0,-1,1,1,0
0,-1,1,1,0
0,-1,1,1,0
0,-1,1,1,0
0,-1,1,1,0
0,-1,1,1,0
1,99,1,2,0
0,-1,1,1,0
0,-1,1,1,0
0,-1,1,1,0
0,-1,1,1,0
0,237,1,2,0
0,-1,1,1,0
0,-1,1,1,0
0,-1,1,1,0
0,-1,1,1,0
0,-1,1,1,0
0,-1,1,1,0
0,-1,1,1,0
0,-1,1,1,0
0,-1,1,1,0
0,-1,1,1,0
0,-1,1,1,0
0,85782,2,2,0
0,17328.66667,2,4,0
0,-1,1,1,0
0,-1,1,1,0
0,-1,1,1,0
0,64576,2,2,0
0,-1,1,1,0
0,60725,2,2,0
0,-1,1,1,0
0,-1,1,1,0
0,-1,1,1,0
0,-1,1,1,0
0,-1,1,1,0
0,207,1,2,0
0,-1,2,2,0
0,-1,1,1,0
0,-1,1,1,0
0,-1,1,1,0
0,268,1,2,0
1,43,1,2,0
0,-1,1,1,0
0,-1,1,1,0
0,-1,1,1,0
0,-1,1,1,0
0,-1,1,1,0
0,-1,1,1,0
0,-1,1,1,0
0,-1,1,1,0
0,-1,2,2,0
0,-1,1,1,0
0,-1,1,1,0
0,-1,1,1,0
0,-1,1,1,0
1,52,1,2,0
0,-1,1,1,0
0,-1,1,1,0
0,54779,2,2,0
0,-1,1,1,0
0,-1,1,1,0
0,-1,1,1,0
0,-1,2,2,0
0,-1,1,1,0
0,-1,2,2,0
0,-1,1,1,0
0,-1,1,1,0
0,-1,1,1,0
0,-1,1,1,0
0,-1,1,1,0
0,-1,1,1,0
0,-1,2,2,0
0,-1,1,1,0
0,233,1,2,0
0,-1,2,2,0
0,-1,1,1,0
0,-1,1,1,0
0,-1,1,1,0
0,-1,1,1,0
0,-1,1,1,0
0,-1,1,1,0
0,-1,1,1,0
0,-1,1,1,0
0,-1,1,1,0
0,-1,1,1,0
0,-1,1,1,0
0,-1,1,1,0
0,-1,1,1,0
0,-1,1,1,0
0,-1,1,1,0
0,-1,1,1,0
0,-1,1,1,0
0,-1,2,2,0
0,-1,1,1,0
0,271,1,2,0
0,-1,1,1,0
0,-1,1,1,0
0,-1,1,1,0
0,-1,1,1,0
0,-1,1,1,0
0,-1,1,1,0
0,-1,1,1,0
0,-1,1,1,0
0,-1,1,1,0
1,65,1,3,0
0,-1,1,1,0
0,-1,1,1,0
0,-1,1,1,0
0,-1,1,1,0
0,-1,1,1,0
0,-1,1,1,0
0,-1,1,1,0
0,-1,1,1,0
0,-1,1,1,0
0,-1,1,1,0
0,-1,1,1,0
0,-1,1,1,0
0,-1,1,1,0
0,-1,1,1,0
0,-1,1,1,0
0,-1,1,1,0
0,-1,1,1,0
0,-1,1,1,0
0,-1,1,1,0
0,-1,1,1,0
0,-1,2,2,0
0,-1,1,1,0
0,-1,1,1,0
0,-1,1,1,0
0,15555,2,3,0
0,-1,1,1,0
0,-1,1,1,0
0,-1,1,1,0
0,-1,1,1,0
0,-1,1,1,0
0,-1,1,1,0
0,-1,2,2,0
0,-1,1,1,0
0,-1,1,1,0
0,-1,1,1,0
0,-1,1,1,0
0,-1,1,1,0
0,-1,1,1,0
0,-1,1,1,0
0,-1,1,1,0
0,-1,1,1,0
0,-1,1,1,0
0,-1,1,1,0
0,28359,1,2,0
0,-1,1,1,0
0,-1,1,1,0
0,-1,1,1,0
0,-1,1,1,0
0,-1,1,1,0
0,-1,1,1,0
0,-1,1,1,0
0,-1,1,1,0
0,25814,1,2,0
0,-1,1,1,0
1,344,1,3,1
0,-1,1,1,0
0,-1,2,2,0
0,-1,1,1,0
0,-1,1,1,0
0,-1,1,1,0
0,-1,1,1,0
0,-1,1,1,0
0,22841,1,2,0
0,-1,1,1,0
0,29899,1,2,0
0,-1,1,1,0
0,-1,1,1,0
0,-1,1,1,0
0,-1,1,1,0
0,-1,1,1,0
0,6013,1,2,0
0,-1,1,1,0
0,-1,1,1,0
0,-1,1,1,0
0,-1,1,1,0
0,-1,1,1,0
0,4485,1,2,0
0,-1,1,1,0
0,-1,1,1,0
0,-1,1,1,0
0,-1,2,2,0
0,1150,1,2,0
0,-1,1,1,0
0,-1,1,1,0
0,-1,1,1,0
0,-1,1,1,0
0,-1,1,1,0
0,-1,1,1,0
0,-1,1,1,0
0,-1,2,2,0
0,-1,1,1,0
0,-1,1,1,0
1,106,1,3,1
0,-1,1,1,0
0,-1,1,1,0
0,-1,1,1,0
0,1905,1,2,0
0,-1,1,1,0
0,-1,1,1,0
0,-1,1,1,0
0,-1,1,1,0
0,-1,1,1,0
0,-1,1,1,0
0,-1,1,1,0
0,-1,1,1,0
0,-1,1,1,0
0,-1,1,1,0
0,-1,1,1,0
1,80,1,2,0
0,-1,1,1,0
0,-1,2,2,0
0,-1,1,1,0
0,-1,1,1,0
0,-1,1,1,0
1,73,1,2,0
0,-1,1,1,0
0,-1,1,1,0
0,-1,1,1,0
0,33223,1,2,0
0,-1,1,1,0
0,-1,1,1,0
0,-1,2,2,0
0,-1,1,1,0
0,197,1,2,0
0,-1,1,1,0
0,-1,1,1,0
0,-1,1,1,0
0,1530,1,2,0
0,-1,1,1,0
0,-1,1,1,0
0,-1,1,1,0
0,-1,1,1,0
0,-1,1,1,0
0,-1,1,1,0
0,641.5,1,3,0
0,-1,1,1,0
0,-1,1,1,0
0,-1,1,1,0
0,-1,1,1,0
0,-1,1,1,0
0,-1,1,1,0
0,-1,1,1,0
0,-1,1,1,0
0,-1,1,1,0
0,-1,1,1,0
0,-1,1,1,0
0,-1,2,2,0
0,-1,1,1,0
0,-1,1,1,0
0,28284,1,2,0
0,-1,1,1,0
0,-1,1,1,0
0,-1,1,1,0
1,14,1,2,0
0,-1,1,1,0
0,-1,1,1,0
0,-1,1,1,0
0,-1,1,1,0
0,-1,1,1,0
0,-1,1,1,0
0,-1,1,1,0
0,-1,1,1,0
0,-1,1,1,0
0,-1,1,1,0
0,-1,1,1,0
0,-1,1,1,0
0,-1,1,1,0
0,-1,2,2,0
0,-1,1,1,0
0,-1,1,1,0
0,-1,1,1,0
0,71943,2,2,0
0,-1,1,1,0
0,-1,1,1,0
0,-1,1,1,0
0,-1,2,2,0
0,-1,1,1,0
0,-1,1,1,0
0,-1,1,1,0
0,-1,1,1,0
0,-1,1,1,0
0,-1,1,1,0
0,-1,1,1,0
0,-1,1,1,0
0,816,1,2,0
0,82151,2,2,0
0,-1,1,1,0
0,-1,1,1,0
0,-1,1,1,0
0,-1,1,1,0
0,-1,1,1,0
0,-1,1,1,0
0,-1,1,1,0
0,-1,1,1,0
0,-1,1,1,0
0,-1,2,2,0
0,-1,1,1,0
0,-1,1,1,0
0,-1,1,1,0
0,-1,1,1,0
0,-1,1,1,0
0,-1,1,1,0
0,45977,4,4,0
0,-1,1,1,0
0,-1,2,2,0
0,-1,1,1,0
0,-1,1,1,0
0,-1,1,1,0
0,-1,1,1,0
0,-1,1,1,0
0,-1,1,1,0
0,-1,1,1,0
0,-1,1,1,0
0,-1,1,1,0
0,-1,1,1,0
0,-1,1,1,0
0,-1,1,1,0
0,-1,1,1,0
0,-1,1,1,0
0,763,1,3,0
0,-1,1,1,0
0,-1,2,2,0
0,-1,1,1,0
0,-1,1,1,0
0,-1,1,1,0
0,-1,1,1,0
0,-1,1,1,0
0,-1,1,1,0
0,-1,1,1,0
0,-1,1,1,0
0,-1,1,1,0
0,-1,1,1,0
0,66088,2,2,0
0,-1,1,1,0
0,-1,1,1,0
0,-1,1,1,0
0,-1,1,1,0
0,-1,1,1,0
0,-1,1,1,0
0,-1,1,1,0
0,-1,1,1,0
0,-1,1,1,0
0,-1,1,1,0
0,-1,1,1,0
0,-1,1,1,0
0,-1,1,1,0
0,-1,1,1,0
0,-1,1,1,0
0,-1,1,1,0
0,-1,1,1,0
0,-1,1,1,0
0,-1,1,1,0
0,-1,1,1,0
0,-1,1,1,0
0,293,1,2,0
0,-1,1,1,0
0,-1,1,1,0
0,-1,1,1,0
0,-1,1,1,0
0,-1,1,1,0
0,-1,1,1,0
0,-1,1,1,0
0,-1,1,1,0
0,-1,1,1,0
0,-1,1,1,0
0,-1,1,1,0
0,-1,1,1,0
0,-1,1,1,0
0,-1,1,1,0
0,-1,1,1,0
0,-1,1,1,0
0,-1,1,1,0
0,-1,1,1,0
0,-1,1,1,0
0,-1,1,1,0
0,-1,1,1,0
0,-1,1,1,0
0,-1,1,1,0
0,-1,1,1,0
0,-1,1,1,0
0,-1,1,1,0
0,-1,1,1,0
0,-1,1,1,0
0,-1,1,1,0
0,-1,1,1,0
0,-1,1,1,0
0,-1,1,1,0
0,-1,1,1,0
1,22,1,2,0
0,-1,1,1,0
0,-1,1,1,0
0,-1,1,1,0
0,-1,1,1,0
0,-1,1,1,0
0,-1,1,1,0
0,-1,1,1,0
0,-1,1,1,0
0,-1,1,1,0
0,-1,1,1,0
0,-1,1,1,0
0,-1,1,1,0
0,-1,1,1,0
0,-1,1,1,0
0,-1,2,2,0
0,-1,1,1,0
0,-1,1,1,0
0,-1,1,1,0
0,-1,1,1,0
0,-1,1,1,0
0,-1,1,1,0
0,-1,1,1,0
0,-1,1,1,0
0,-1,1,1,0
0,-1,1,1,0
0,-1,1,1,0
0,-1,1,1,0
0,-1,1,1,0
0,-1,1,1,0
0,-1,1,1,0
0,-1,1,1,0
0,-1,1,1,0
0,-1,1,1,0
0,-1,1,1,0
0,-1,1,1,0
0,-1,2,2,0
0,-1,1,1,0
0,-1,1,1,0
0,-1,1,1,0
0,-1,1,1,0
0,-1,1,1,0
0,-1,1,1,0
0,-1,1,1,0
0,-1,1,1,0
0,-1,1,1,0
0,-1,1,1,0
0,-1,1,1,0
0,153,1,2,0
0,-1,1,1,0
0,-1,2,2,0
0,-1,1,1,0
0,-1,1,1,0
0,-1,1,1,0
0,-1,1,1,0
0,1882.666667,1,4,0
0,-1,1,1,0
1,687.25,2,6,1
0,-1,1,1,0
0,-1,1,1,0
0,-1,1,1,0
0,-1,1,1,0
0,-1,1,1,0
0,-1,1,1,0
0,-1,1,1,0
0,-1,1,1,0
0,-1,1,1,0
0,-1,1,1,0
0,-1,2,2,0
0,-1,1,1,0
0,-1,2,2,0
0,-1,1,1,0
0,-1,1,1,0
0,-1,1,1,0
0,-1,1,1,0
0,-1,1,1,0
0,-1,1,1,0
0,-1,1,1,0
0,-1,1,1,0
0,-1,1,1,0
0,-1,1,1,0
0,-1,1,1,0
0,-1,1,1,0
0,-1,1,1,0
0,-1,1,1,0
0,13012,1,2,0
0,-1,1,1,0
0,-1,1,1,0
0,-1,1,1,0
0,-1,1,1,0
0,-1,1,1,0
0,20284,2,3,0
0,-1,1,1,0
0,-1,1,1,0
0,-1,1,1,0
0,-1,1,1,0
0,-1,1,1,0
0,-1,1,1,0
0,-1,1,1,0
0,-1,1,1,0
0,-1,1,1,0
0,-1,1,1,0
0,-1,1,1,0
0,-1,1,1,0
0,-1,1,1,0
0,-1,1,1,0
0,-1,1,1,0
0,-1,1,1,0
0,-1,1,1,0
0,-1,1,1,0
0,-1,1,1,0
0,-1,1,1,0
0,-1,1,1,0
0,-1,1,1,0
0,-1,1,1,0
0,-1,1,1,0
0,-1,2,2,0
0,-1,1,1,0
0,-1,1,1,0
0,-1,1,1,0
0,-1,1,1,0
0,-1,1,1,0
0,-1,1,1,0
0,-1,1,1,0
0,-1,1,1,0
0,-1,1,1,0
0,-1,1,1,0
0,-1,1,1,0
0,-1,1,1,0
0,-1,1,1,0
0,-1,1,1,0
0,-1,1,1,0
0,-1,1,1,0
0,-1,1,1,0
0,-1,2,2,0
0,-1,1,1,0
0,-1,1,1,0
0,-1,1,1,0
0,-1,1,1,0
0,-1,2,2,0
0,-1,1,1,0
0,-1,1,1,0
0,-1,1,1,0
0,-1,1,1,0
0,-1,1,1,0
0,-1,1,1,0
0,-1,1,1,0
0,-1,1,1,0
0,-1,1,1,0
0,-1,1,1,0
0,-1,1,1,0
0,-1,1,1,0
0,-1,1,1,0
0,-1,1,1,0
0,-1,1,1,0
0,-1,1,1,0
0,-1,1,1,0
0,-1,1,1,0
0,331,1,2,0
0,-1,1,1,0
0,-1,1,1,0
0,-1,1,1,0
0,-1,1,1,0
0,-1,1,1,0
0,-1,1,1,0
0,-1,1,1,0
0,-1,1,1,0
0,-1,1,1,0
0,-1,1,1,0
0,-1,1,1,0
0,-1,1,1,0
0,-1,1,1,0
0,-1,1,1,0
0,-1,1,1,0
0,-1,1,1,0
0,-1,1,1,0
0,-1,1,1,0
0,-1,1,1,0
0,-1,1,1,0
0,-1,1,1,0
0,-1,1,1,0
1,120,1,2,0
0,-1,1,1,0
0,-1,1,1,0
0,-1,1,1,0
0,-1,1,1,0
0,-1,1,1,0
0,-1,1,1,0
0,-1,1,1,0
0,-1,1,1,0
0,-1,1,1,0
0,-1,1,1,0
0,-1,1,1,0
0,-1,1,1,0
0,-1,1,1,0
0,-1,1,1,0
0,-1,1,1,0
0,-1,1,1,0
0,-1,1,1,0
0,-1,1,1,0
0,-1,1,1,0
1,83,1,2,0
0,-1,1,1,0
0,171,1,2,0
1,79,1,2,0
0,-1,1,1,0
0,-1,1,1,0
0,-1,1,1,0
0,-1,1,1,0
0,-1,1,1,0
0,81938,2,2,0
0,362,1,2,0
0,-1,1,1,0
0,-1,1,1,0
0,-1,1,1,0
1,53,1,2,0
0,-1,1,1,0
0,-1,1,1,0
0,-1,1,1,0
0,-1,1,1,0
0,-1,1,1,0
0,-1,1,1,0
0,-1,1,1,0
0,68913,2,2,0
0,-1,1,1,0
0,-1,1,1,0
0,-1,1,1,0
0,-1,1,1,0
0,-1,1,1,0
0,-1,1,1,0
0,-1,1,1,0
0,-1,1,1,0
0,-1,1,1,0
0,-1,1,1,0
0,-1,1,1,0
0,-1,1,1,0
0,-1,1,1,0
0,-1,1,1,0
0,-1,1,1,0
0,-1,1,1,0
0,-1,1,1,0
0,-1,1,1,0
0,-1,1,1,0
0,-1,1,1,0
0,-1,1,1,0
0,-1,1,1,0
0,-1,1,1,0
0,-1,1,1,0
0,-1,1,1,0
0,-1,1,1,0
0,-1,1,1,0
1,60.5,1,3,0
0,-1,1,1,0
0,-1,1,1,0
0,-1,1,1,0
1,106,1,2,0
0,-1,1,1,0
0,-1,1,1,0
0,-1,1,1,0
0,-1,1,1,0
0,-1,1,1,0
0,-1,1,1,0
0,-1,1,1,0
0,-1,1,1,0
0,-1,1,1,0
0,-1,1,1,0
0,-1,1,1,0
0,-1,1,1,0
0,-1,1,1,0
0,-1,1,1,0
0,-1,1,1,0
0,-1,1,1,0
0,-1,1,1,0
0,-1,1,1,0
0,-1,1,1,0
0,-1,1,1,0
0,-1,1,1,0
0,-1,1,1,0
0,-1,1,1,0
0,-1,1,1,0
0,-1,1,1,0
0,-1,1,1,0
0,-1,1,1,0
0,-1,1,1,0
0,-1,1,1,0
0,-1,1,1,0
0,-1,1,1,0
0,-1,1,1,0
0,-1,1,1,0
0,-1,1,1,0
0,-1,1,1,0
0,-1,1,1,0
1,295.5555556,4,13,1
0,-1,1,1,0
0,-1,1,1,0
0,-1,1,1,0
0,-1,1,1,0
0,-1,1,1,0
0,-1,1,1,0
0,13653,1,2,0
0,-1,1,1,0
0,-1,1,1,0
0,-1,1,1,0
0,-1,1,1,0
0,-1,1,1,0
0,-1,1,1,0
0,-1,1,1,0
0,-1,1,1,0
0,-1,1,1,0
0,-1,1,1,0
0,-1,1,1,0
0,10920,1,2,0
0,-1,1,1,0
0,-1,1,1,0
0,-1,1,1,0
0,-1,1,1,0
0,-1,1,1,0
0,-1,1,1,0
0,-1,1,1,0
0,-1,1,1,0
0,-1,1,1,0
0,-1,1,1,0
0,-1,1,1,0
0,-1,1,1,0
0,636,1,2,0
0,-1,1,1,0
0,-1,1,1,0
0,-1,1,1,0
0,-1,1,1,0
0,-1,1,1,0
0,-1,1,1,0
0,-1,1,1,0
0,-1,1,1,0
0,-1,1,1,0
0,-1,1,1,0
0,-1,1,1,0
0,-1,1,1,0
0,-1,1,1,0
0,-1,1,1,0
0,-1,1,1,0
0,-1,1,1,0
0,-1,1,1,0
0,-1,1,1,0
0,-1,2,2,0
0,-1,1,1,0
0,-1,1,1,0
1,42,1,2,0
0,-1,1,1,0
0,-1,1,1,0
0,-1,1,1,0
0,-1,1,1,0
0,-1,1,1,0
0,-1,1,1,0
0,-1,1,1,0
0,-1,1,1,0
0,-1,1,1,0
0,-1,1,1,0
0,-1,1,1,0
0,-1,1,1,0
0,-1,1,1,0
0,-1,1,1,0
0,-1,1,1,0
0,-1,1,1,0
0,-1,1,1,0
0,-1,1,1,0
0,-1,1,1,0
0,-1,1,1,0
0,-1,1,1,0
0,-1,1,1,0
0,-1,1,1,0
0,16082,1,2,0
0,-1,1,1,0
0,-1,1,1,0
0,-1,1,1,0
0,-1,1,1,0
0,-1,1,1,0
0,-1,1,1,0
0,-1,1,1,0
1,16,1,2,0
0,-1,1,1,0
0,-1,1,1,0
0,-1,1,1,0
0,-1,1,1,0
0,-1,1,1,0
1,84,1,2,0
1,39,1,2,0
0,-1,1,1,0
0,-1,1,1,0
0,-1,1,1,0
0,-1,1,1,0
0,-1,1,1,0
0,-1,1,1,0
0,-1,1,1,0
0,-1,1,1,0
1,93,1,2,0
0,1800,1,2,0
0,-1,1,1,0
0,-1,1,1,0
0,-1,1,1,0
0,-1,1,1,0
0,-1,1,1,0
0,-1,1,1,0
0,-1,1,1,0
0,-1,1,1,0
0,-1,1,1,0
0,-1,1,1,0
0,-1,1,1,0
0,-1,1,1,0
0,-1,1,1,0
0,-1,1,1,0
0,-1,1,1,0
0,-1,1,1,0
0,-1,1,1,0
0,-1,1,1,0
0,-1,1,1,0
0,-1,1,1,0
0,-1,1,1,0
0,-1,1,1,0
0,-1,1,1,0
0,-1,1,1,0
0,-1,1,1,0
0,-1,1,1,0
0,-1,1,1,0
0,-1,1,1,0
0,-1,1,1,0
0,-1,1,1,0
0,-1,1,1,0
0,-1,1,1,0
0,-1,1,1,0
0,-1,1,1,0
0,-1,1,1,0
0,-1,1,1,0
0,-1,1,1,0
0,-1,1,1,0
0,-1,1,1,0
0,-1,1,1,0
0,-1,1,1,0
0,-1,1,1,0
0,-1,1,1,0
0,-1,1,1,0
0,-1,1,1,0
0,-1,1,1,0
0,-1,1,1,0
0,-1,1,1,0
0,-1,1,1,0
0,-1,1,1,0
0,-1,1,1,0
0,-1,1,1,0
0,-1,1,1,0
0,-1,1,1,0
0,-1,1,1,0
0,-1,1,1,0
0,-1,1,1,0
0,-1,1,1,0
0,-1,1,1,0
0,183,1,2,0
0,-1,1,1,0
0,-1,1,1,0
0,-1,1,1,0
0,-1,1,1,0
0,-1,1,1,0
0,-1,1,1,0
0,-1,1,1,0
0,-1,1,1,0
0,-1,1,1,0
0,-1,1,1,0
0,389,1,2,0
0,-1,1,1,0
0,-1,1,1,0
0,32589,1,2,0
0,-1,1,1,0
0,-1,1,1,0
0,-1,1,1,0
0,-1,1,1,0
0,-1,1,1,0
0,-1,1,1,0
0,-1,1,1,0
0,-1,1,1,0
0,-1,1,1,0
0,-1,1,1,0
0,-1,1,1,0
0,-1,1,1,0
0,-1,1,1,0
0,-1,1,1,0
0,-1,1,1,0
0,-1,1,1,0
0,-1,1,1,0
0,-1,1,1,0
0,-1,1,1,0
0,-1,1,1,0
0,-1,1,1,0
0,-1,1,1,0
0,-1,1,1,0
0,-1,1,1,0
0,-1,1,1,0
0,-1,1,1,0
0,-1,1,1,0
0,-1,1,1,0
0,-1,1,1,0
0,-1,1,1,0
1,49.33333333,1,4,0
0,-1,1,1,0
0,-1,1,1,0
0,-1,1,1,0
0,-1,1,1,0
0,-1,1,1,0
0,165,1,2,0
0,-1,1,1,0
0,-1,1,1,0
0,-1,1,1,0
0,-1,1,1,0
0,-1,1,1,0
1,67,1,2,0
0,-1,1,1,0
0,-1,1,1,0
0,-1,1,1,0
0,-1,1,1,0
0,-1,1,1,0
0,-1,1,1,0
0,-1,1,1,0
0,-1,1,1,0
0,-1,1,1,0
0,-1,1,1,0
0,-1,1,1,0
0,-1,1,1,0
0,-1,1,1,0
0,-1,1,1,0
0,-1,1,1,0
0,4314,1,2,0
0,-1,1,1,0
0,-1,1,1,0
0,-1,1,1,0
0,-1,1,1,0
0,-1,1,1,0
0,-1,1,1,0
0,-1,1,1,0
0,-1,1,1,0
0,-1,1,1,0
0,861,1,2,0
0,-1,1,1,0
0,-1,1,1,0
0,-1,1,1,0
0,-1,1,1,0
0,-1,1,1,0
0,-1,1,1,0
0,-1,1,1,0
0,-1,1,1,0
0,-1,1,1,0
0,-1,1,1,0
0,-1,1,1,0
0,-1,1,1,0
0,-1,1,1,0
0,320,1,2,0
0,-1,1,1,0
0,-1,1,1,0
0,-1,1,1,0
0,-1,1,1,0
0,-1,1,1,0
0,-1,1,1,0
0,-1,1,1,0
0,-1,1,1,0
0,-1,1,1,0
0,-1,1,1,0
0,-1,1,1,0
0,-1,1,1,0
0,-1,1,1,0
0,-1,1,1,0
0,-1,1,1,0
0,-1,1,1,0
0,-1,1,1,0
0,-1,1,1,0
0,-1,1,1,0
0,-1,1,1,0
0,-1,1,1,0
0,-1,1,1,0
1,36,1,2,0
0,-1,1,1,0
0,-1,1,1,0
0,-1,1,1,0
0,-1,1,1,0
0,-1,1,1,0
0,-1,1,1,0
1,81,1,2,0
0,-1,1,1,0
0,-1,1,1,0
0,-1,1,1,0
0,32112,1,2,0
0,-1,1,1,0
0,-1,1,1,0
0,-1,1,1,0
0,-1,1,1,0
1,77,1,2,0
0,-1,1,1,0
0,-1,1,1,0
0,-1,1,1,0
0,-1,1,1,0
0,-1,1,1,0
0,-1,1,1,0
0,-1,1,1,0
0,-1,1,1,0
0,-1,1,1,0
0,-1,1,1,0
0,-1,1,1,0
0,-1,1,1,0
0,-1,1,1,0
0,-1,1,1,0
0,-1,1,1,0
0,-1,1,1,0
0,-1,1,1,0
0,-1,1,1,0
0,-1,1,1,0
0,-1,1,1,0
0,-1,1,1,0
1,125,1,2,0
0,-1,1,1,0
0,-1,1,1,0
0,-1,1,1,0
0,-1,1,1,0
0,-1,1,1,0
0,-1,1,1,0
0,-1,1,1,0
0,-1,1,1,0
0,-1,1,1,0
0,-1,1,1,0
0,-1,1,1,0
0,-1,1,1,0
0,-1,1,1,0
0,-1,1,1,0
0,-1,1,1,0
0,-1,1,1,0
0,-1,1,1,0
0,-1,1,1,0
0,-1,1,1,0
0,-1,1,1,0
0,-1,1,1,0
0,-1,1,1,0
0,-1,1,1,0
0,-1,1,1,0
0,-1,1,1,0
0,-1,1,1,0
0,-1,1,1,0
0,-1,1,1,0
0,-1,1,1,0
0,-1,1,1,0
0,-1,1,1,0
0,-1,1,1,0
0,-1,1,1,0
0,-1,1,1,0
0,-1,1,1,0
0,-1,1,1,0
0,19473,1,2,0
0,-1,1,1,0
0,-1,1,1,0
0,-1,1,1,0
0,-1,1,1,0
0,-1,1,1,0
0,-1,1,1,0
0,-1,1,1,0
0,-1,1,1,0
0,-1,1,1,0
0,-1,1,1,0
0,-1,1,1,0
0,-1,1,1,0
0,-1,1,1,0
0,-1,1,1,0
0,431,1,2,0
0,-1,1,1,0
0,-1,1,1,0
0,-1,1,1,0
1,132,1,2,0
0,-1,1,1,0
0,-1,1,1,0
0,-1,1,1,0
0,-1,1,1,0
0,-1,1,1,0
0,193,1,2,0
0,-1,1,1,0
0,-1,1,1,0
0,-1,1,1,0
0,-1,1,1,0
0,-1,1,1,0
0,-1,1,1,0
0,-1,1,1,0
0,-1,1,1,0
0,-1,1,1,0
0,-1,1,1,0
0,-1,1,1,0
0,-1,1,1,0
0,-1,1,1,0
1,136,1,2,0
0,-1,1,1,0
0,-1,1,1,0
0,1198,1,2,0
0,-1,1,1,0
0,-1,1,1,0
0,-1,1,1,0
0,-1,1,1,0
0,-1,1,1,0
0,-1,1,1,0
0,-1,1,1,0
0,-1,1,1,0
0,-1,1,1,0
0,-1,1,1,0
0,-1,1,1,0
0,-1,1,1,0
0,-1,1,1,0
0,-1,1,1,0
0,-1,1,1,0
0,-1,1,1,0
0,-1,1,1,0
0,-1,1,1,0
0,-1,1,1,0
0,-1,1,1,0
0,-1,1,1,0
0,-1,1,1,0
0,-1,1,1,0
0,-1,1,1,0
0,-1,1,1,0
0,-1,1,1,0
0,-1,1,1,0
0,-1,1,1,0
0,-1,1,1,0
0,-1,1,1,0
0,-1,1,1,0
0,-1,1,1,0
0,-1,1,1,0
0,-1,1,1,0
0,-1,1,1,0
0,-1,1,1,0
0,-1,1,1,0
0,-1,1,1,0
0,34779,1,2,0
0,-1,1,1,0
0,-1,1,1,0
0,-1,1,1,0
0,-1,1,1,0
0,-1,1,1,0
0,-1,1,1,0
0,-1,1,1,0
0,-1,1,1,0
0,-1,1,1,0
0,-1,1,1,0
0,-1,1,1,0
0,-1,1,1,0
0,-1,1,1,0
0,-1,1,1,0
0,-1,1,1,0
0,-1,1,1,0
1,139,1,2,0
1,89,1,2,0
0,-1,1,1,0
0,-1,1,1,0
1,30,1,2,0
0,-1,1,1,0
0,-1,1,1,0
0,-1,1,1,0
0,-1,1,1,0
0,-1,1,1,0
0,-1,1,1,0
0,471,1,2,0
0,-1,1,1,0
0,-1,1,1,0
0,-1,1,1,0
0,-1,1,1,0
0,-1,1,1,0
0,-1,1,1,0
0,-1,1,1,0
0,-1,1,1,0
0,-1,1,1,0
0,-1,1,1,0
0,-1,1,1,0
0,-1,1,1,0
0,-1,1,1,0
0,-1,1,1,0
0,-1,1,1,0
0,-1,1,1,0
0,-1,1,1,0
0,-1,1,1,0
0,-1,1,1,0
0,-1,1,1,0
0,-1,1,1,0
0,-1,1,1,0
0,-1,1,1,0
0,-1,1,1,0
0,-1,1,1,0
0,-1,1,1,0
0,-1,1,1,0
0,-1,1,1,0
0,-1,1,1,0
0,-1,1,1,0
0,-1,1,1,0
0,-1,1,1,0
0,-1,1,1,0
0,-1,1,1,0
0,-1,1,1,0
0,-1,1,1,0
0,-1,1,1,0
0,-1,1,1,0
0,-1,1,1,0
0,-1,1,1,0
0,-1,1,1,0
0,-1,1,1,0
0,-1,1,1,0
0,-1,1,1,0
0,-1,1,1,0
0,-1,1,1,0
0,-1,1,1,0
0,-1,1,1,0
0,-1,1,1,0
1,41,1,2,0
0,-1,2,2,0
0,-1,1,1,0
0,-1,1,1,0
0,-1,1,1,0
1,34,1,2,0
0,-1,1,1,0
0,-1,1,1,0
0,-1,1,1,0
0,-1,1,1,0
0,-1,1,1,0
0,-1,1,1,0
0,-1,1,1,0
0,-1,1,1,0
0,-1,1,1,0
0,-1,1,1,0
0,-1,1,1,0
0,-1,1,1,0
0,-1,1,1,0
0,-1,1,1,0
0,-1,1,1,0
0,-1,1,1,0
0,-1,1,1,0
0,-1,1,1,0
0,-1,1,1,0
0,-1,1,1,0
0,-1,1,1,0
0,-1,1,1,0
0,-1,1,1,0
0,-1,1,1,0
0,-1,1,1,0
0,-1,1,1,0
0,-1,1,1,0
0,-1,1,1,0
0,-1,1,1,0
0,-1,1,1,0
0,-1,1,1,0
0,-1,1,1,0
0,-1,1,1,0
0,-1,1,1,0
1,13,1,2,0
0,-1,1,1,0
0,-1,1,1,0
0,-1,1,1,0
0,-1,1,1,0
0,-1,1,1,0
0,-1,1,1,0
1,23,1,2,0
0,-1,1,1,0
0,-1,1,1,0
0,-1,1,1,0
0,-1,1,1,0
0,-1,1,1,0
0,-1,1,1,0
0,-1,1,1,0
0,-1,1,1,0
0,-1,1,1,0
0,-1,1,1,0
0,-1,1,1,0
0,-1,1,1,0
0,-1,1,1,0
0,-1,1,1,0
0,-1,1,1,0
0,-1,1,1,0
0,-1,1,1,0
0,-1,1,1,0
0,-1,1,1,0
0,-1,1,1,0
0,-1,1,1,0
0,-1,1,1,0
0,-1,1,1,0
0,-1,1,1,0
0,-1,1,1,0
0,-1,1,1,0
0,-1,1,1,0
0,-1,1,1,0
0,-1,1,1,0
0,-1,1,1,0
0,-1,1,1,0
0,-1,1,1,0
0,-1,1,1,0
0,-1,1,1,0
0,-1,1,1,0
0,-1,1,1,0
0,-1,1,1,0
0,-1,1,1,0
0,-1,1,1,0
0,-1,1,1,0
0,-1,1,1,0
0,-1,1,1,0
0,-1,1,1,0
0,-1,1,1,0
0,-1,1,1,0
0,-1,1,1,0
0,-1,1,1,0
0,-1,1,1,0
0,-1,1,1,0
0,-1,1,1,0
0,-1,1,1,0
0,-1,1,1,0
0,-1,1,1,0
0,-1,1,1,0
0,-1,1,1,0
0,-1,1,1,0
0,-1,1,1,0
0,-1,1,1,0
0,-1,1,1,0
0,194.5,1,3,0
0,-1,1,1,0
0,-1,1,1,0
0,-1,1,1,0
0,-1,1,1,0
0,-1,1,1,0
0,-1,1,1,0
0,-1,1,1,0
0,-1,1,1,0
0,-1,1,1,0
0,306,1,2,0
0,-1,1,1,0
0,-1,1,1,0
0,-1,1,1,0
0,-1,1,1,0
0,-1,1,1,0
0,-1,1,1,0
0,-1,1,1,0
0,-1,1,1,0
0,-1,1,1,0
0,-1,1,1,0
0,2191,1,2,0
0,-1,1,1,0
0,-1,1,1,0
0,-1,1,1,0
0,-1,1,1,0
0,-1,1,1,0
0,-1,1,1,0
0,-1,1,1,0
0,-1,1,1,0
0,-1,1,1,0
0,-1,1,1,0
0,-1,1,1,0
0,-1,1,1,0
0,-1,1,1,0
0,-1,1,1,0
0,-1,1,1,0
0,-1,1,1,0
0,-1,1,1,0
0,-1,1,1,0
0,-1,1,1,0
0,-1,1,1,0
0,-1,1,1,0
0,-1,1,1,0
0,-1,1,1,0
0,-1,1,1,0
0,-1,1,1,0
0,-1,1,1,0
0,-1,1,1,0
0,-1,1,1,0
0,-1,1,1,0
0,-1,1,1,0
0,-1,1,1,0
0,-1,1,1,0
0,-1,1,1,0
0,-1,1,1,0
0,-1,1,1,0
0,-1,1,1,0
0,-1,1,1,0
0,-1,1,1,0
0,-1,1,1,0
0,-1,1,1,0
0,-1,1,1,0
0,-1,1,1,0
0,-1,1,1,0
0,-1,1,1,0
0,-1,1,1,0
0,-1,1,1,0
0,-1,1,1,0
0,-1,1,1,0
0,-1,1,1,0
0,-1,1,1,0
0,-1,1,1,0
0,-1,1,1,0
0,-1,1,1,0
0,-1,1,1,0
0,-1,1,1,0
0,-1,1,1,0
0,-1,1,1,0
0,-1,1,1,0
0,-1,1,1,0
0,-1,1,1,0
0,-1,1,1,0
0,-1,1,1,0
0,-1,1,1,0
0,-1,1,1,0
0,-1,1,1,0
0,-1,1,1,0
0,-1,1,1,0
0,-1,1,1,0
0,-1,1,1,0
0,-1,1,1,0
0,-1,1,1,0
0,-1,1,1,0
0,-1,1,1,0
0,-1,1,1,0
0,-1,1,1,0
0,-1,1,1,0
1,38,1,2,0
0,-1,1,1,0
0,-1,1,1,0
0,-1,1,1,0
0,-1,1,1,0
0,-1,1,1,0
0,-1,1,1,0
0,-1,1,1,0
0,-1,1,1,0
0,-1,1,1,0
0,-1,1,1,0
0,-1,1,1,0
0,-1,1,1,0
0,-1,1,1,0
0,-1,1,1,0
0,-1,1,1,0
0,-1,1,1,0
0,-1,1,1,0
0,-1,1,1,0
0,-1,1,1,0
0,-1,1,1,0
0,-1,1,1,0
0,-1,1,1,0
1,55,1,2,0
0,-1,1,1,0
0,-1,1,1,0
0,-1,1,1,0
0,-1,1,1,0
0,-1,1,1,0
0,-1,1,1,0
0,-1,1,1,0
0,-1,1,1,0
0,-1,1,1,0
0,-1,1,1,0
0,-1,1,1,0
0,-1,1,1,0
0,-1,1,1,0
0,-1,1,1,0
0,-1,1,1,0
0,-1,1,1,0
0,-1,1,1,0
0,-1,1,1,0
0,-1,1,1,0
0,-1,1,1,0
0,-1,1,1,0
0,-1,1,1,0
0,-1,1,1,0
0,-1,1,1,0
0,-1,1,1,0
0,-1,1,1,0
0,-1,1,1,0
0,-1,1,1,0
0,-1,1,1,0
0,-1,1,1,0
0,-1,1,1,0
0,-1,1,1,0
0,-1,1,1,0
0,-1,1,1,0
0,-1,1,1,0
0,-1,1,1,0
0,-1,1,1,0
0,-1,1,1,0
0,-1,1,1,0
0,-1,1,1,0
0,-1,1,1,0
0,-1,1,1,0
0,-1,1,1,0
0,-1,1,1,0
0,-1,1,1,0
0,-1,1,1,0
0,-1,1,1,0
0,-1,1,1,0
0,-1,1,1,0
0,-1,1,1,0
0,-1,1,1,0
0,-1,1,1,0
0,-1,1,1,0
0,-1,1,1,0
0,-1,1,1,0
0,-1,1,1,0
0,-1,1,1,0
0,-1,1,1,0
0,-1,1,1,0
0,-1,1,1,0
0,-1,1,1,0
0,-1,1,1,0
0,-1,1,1,0
0,-1,1,1,0
0,-1,1,1,0
0,-1,1,1,0
0,-1,1,1,0
0,-1,1,1,0
0,-1,1,1,0
0,-1,1,1,0
0,-1,1,1,0
0,-1,1,1,0
0,-1,1,1,0
0,-1,1,1,0
0,-1,1,1,0
0,-1,1,1,0
1,37,1,2,0
0,-1,1,1,0
0,-1,1,1,0
0,-1,1,1,0
0,-1,1,1,0
0,-1,1,1,0
0,-1,1,1,0
0,-1,1,1,0
0,-1,1,1,0
0,-1,1,1,0
0,-1,1,1,0
0,-1,1,1,0
0,-1,1,1,0
0,-1,1,1,0
0,-1,1,1,0
0,-1,1,1,0
0,-1,1,1,0
0,-1,1,1,0
0,-1,1,1,0
0,-1,1,1,0
0,-1,1,1,0
0,-1,1,1,0
0,-1,1,1,0
0,-1,1,1,0
0,-1,1,1,0
0,-1,1,1,0
0,-1,1,1,0
0,-1,1,1,0
0,-1,1,1,0
0,-1,1,1,0
0,-1,1,1,0
1,14,1,2,0
0,-1,1,1,0
0,-1,1,1,0
0,-1,1,1,0
0,-1,1,1,0
0,-1,1,1,0
0,-1,1,1,0
0,-1,1,1,0
0,-1,1,1,0
0,-1,1,1,0
0,-1,1,1,0
0,-1,1,1,0
0,-1,1,1,0
0,-1,1,1,0
0,-1,1,1,0
0,-1,1,1,0
0,383,1,2,0
0,-1,1,1,0
0,-1,1,1,0
0,-1,1,1,0
0,514,1,2,0
0,-1,1,1,0
0,-1,1,1,0
0,-1,1,1,0
0,-1,1,1,0
0,-1,1,1,0
0,-1,1,1,0
0,-1,1,1,0
0,-1,1,1,0
0,-1,1,1,0
0,-1,1,1,0
0,-1,1,1,0
0,-1,1,1,0
0,-1,1,1,0
0,-1,1,1,0
0,-1,1,1,0
0,-1,1,1,0
0,-1,1,1,0
0,-1,1,1,0
0,-1,1,1,0
0,-1,1,1,0
0,-1,1,1,0
0,-1,1,1,0
0,-1,1,1,0
0,-1,1,1,0
0,-1,1,1,0
0,-1,1,1,0
0,-1,1,1,0
0,-1,1,1,0
0,-1,1,1,0
0,-1,1,1,0
0,-1,1,1,0
0,-1,1,1,0
0,-1,1,1,0
0,-1,1,1,0
0,-1,1,1,0
0,-1,1,1,0
0,-1,1,1,0
0,-1,1,1,0
0,-1,1,1,0
0,-1,1,1,0
0,-1,1,1,0
0,-1,1,1,0
0,-1,1,1,0
0,-1,1,1,0
0,-1,1,1,0
0,-1,1,1,0
0,-1,1,1,0
0,-1,1,1,0
0,-1,1,1,0
1,43,1,2,0
0,-1,1,1,0
0,-1,1,1,0
0,-1,1,1,0
0,-1,1,1,0
0,-1,1,1,0
0,-1,1,1,0
0,-1,1,1,0
0,-1,1,1,0
0,-1,1,1,0
1,24,1,2,0
0,-1,1,1,0
0,-1,1,1,0
0,-1,1,1,0
0,-1,1,1,0
0,-1,1,1,0
0,-1,1,1,0
0,-1,1,1,0
0,-1,1,1,0
0,-1,1,1,0
0,-1,1,1,0
0,-1,1,1,0
0,-1,1,1,0
0,-1,1,1,0
0,-1,1,1,0
0,-1,1,1,0
0,-1,1,1,0
0,-1,1,1,0
0,-1,1,1,0
0,-1,1,1,0
0,-1,1,1,0
0,-1,1,1,0
0,-1,1,1,0
0,-1,1,1,0
0,-1,1,1,0
0,-1,1,1,0
0,-1,1,1,0
0,-1,1,1,0
0,-1,1,1,0
0,-1,1,1,0
0,-1,1,1,0
0,-1,1,1,0
0,-1,1,1,0
0,-1,1,1,0
0,-1,1,1,0
0,-1,1,1,0
0,-1,1,1,0
0,-1,1,1,0
0,-1,1,1,0
0,-1,1,1,0
0,-1,1,1,0
0,-1,1,1,0
0,-1,1,1,0
0,-1,1,1,0
0,-1,1,1,0
0,-1,1,1,0
0,-1,1,1,0
0,-1,1,1,0
0,-1,1,1,0
0,-1,1,1,0
0,-1,1,1,0
0,-1,1,1,0
0,-1,1,1,0
0,-1,1,1,0
0,-1,1,1,0
0,-1,1,1,0
0,-1,1,1,0
0,-1,1,1,0
0,-1,1,1,0
0,-1,1,1,0
0,-1,1,1,0
0,-1,1,1,0
0,-1,1,1,0
0,-1,1,1,0
0,-1,1,1,0
0,-1,1,1,0
0,-1,1,1,0
0,-1,1,1,0
0,-1,1,1,0
0,-1,1,1,0
0,-1,1,1,0
0,-1,1,1,0
0,-1,1,1,0
0,-1,1,1,0
0,-1,1,1,0
0,-1,1,1,0
0,-1,1,1,0
0,-1,1,1,0
0,-1,1,1,0
0,-1,1,1,0
1,78.5,1,3,0
0,-1,1,1,0
0,-1,1,1,0
0,-1,1,1,0
0,-1,1,1,0
0,-1,1,1,0
0,-1,1,1,0
0,-1,1,1,0
0,-1,1,1,0
0,-1,1,1,0
0,-1,1,1,0
0,-1,1,1,0
0,-1,1,1,0
0,-1,1,1,0
0,-1,1,1,0
0,-1,1,1,0
0,-1,1,1,0
0,-1,1,1,0
0,-1,1,1,0
0,-1,1,1,0
0,-1,1,1,0
0,-1,1,1,0
0,-1,1,1,0
0,-1,1,1,0
0,-1,1,1,0
1,10,1,2,0
0,-1,1,1,0
0,222.5,1,3,0
0,-1,1,1,0
0,-1,1,1,0
0,-1,1,1,0
0,-1,1,1,0
0,-1,1,1,0
0,-1,1,1,0
0,-1,1,1,0
0,-1,1,1,0
0,-1,1,1,0
0,-1,1,1,0
0,-1,1,1,0
0,-1,1,1,0
0,-1,1,1,0
0,-1,1,1,0
0,-1,1,1,0
0,-1,1,1,0
0,-1,1,1,0
0,-1,1,1,0
0,-1,1,1,0
0,-1,1,1,0
0,-1,1,1,0
0,-1,1,1,0
0,-1,1,1,0
0,-1,1,1,0
0,-1,1,1,0
0,-1,1,1,0
0,-1,1,1,0
0,-1,1,1,0
0,-1,1,1,0
0,-1,1,1,0
0,-1,1,1,0
0,-1,1,1,0
0,-1,1,1,0
0,-1,1,1,0
0,-1,1,1,0
0,-1,1,1,0
0,-1,1,1,0
0,-1,1,1,0
0,-1,1,1,0
0,-1,1,1,0
0,-1,1,1,0
0,-1,1,1,0
0,-1,1,1,0
0,-1,1,1,0
0,-1,1,1,0
0,-1,1,1,0
0,-1,1,1,0
0,-1,1,1,0
0,-1,1,1,0
0,-1,1,1,0
0,-1,1,1,0
0,-1,1,1,0
0,-1,1,1,0
0,-1,1,1,0
0,-1,1,1,0
0,-1,1,1,0
0,-1,1,1,0
0,-1,1,1,0
0,-1,1,1,0
0,-1,1,1,0
0,-1,1,1,0
1,38,1,2,0
0,-1,1,1,0
0,-1,1,1,0
0,-1,1,1,0
0,-1,1,1,0
0,-1,1,1,0
0,-1,1,1,0
0,-1,1,1,0
0,-1,1,1,0
0,-1,1,1,0
0,-1,1,1,0
0,-1,1,1,0
0,-1,1,1,0
0,-1,1,1,0
0,-1,1,1,0
0,-1,1,1,0
0,-1,1,1,0
0,-1,1,1,0
0,-1,1,1,0
0,-1,1,1,0
0,-1,1,1,0
0,-1,1,1,0
0,-1,1,1,0
0,-1,1,1,0
0,-1,1,1,0
0,-1,1,1,0
0,-1,1,1,0
0,-1,1,1,0
0,-1,1,1,0
0,-1,1,1,0
0,-1,1,1,0
0,-1,1,1,0
0,-1,1,1,0
0,-1,1,1,0
0,-1,1,1,0
0,-1,1,1,0
0,-1,1,1,0
0,-1,1,1,0
1,4,1,2,0
0,-1,1,1,0
0,-1,1,1,0
0,-1,1,1,0
0,-1,1,1,0
0,-1,1,1,0
0,-1,1,1,0
0,-1,1,1,0
0,-1,1,1,0
0,-1,1,1,0
0,-1,1,1,0
0,-1,1,1,0
0,-1,1,1,0
0,-1,1,1,0
0,-1,1,1,0
0,-1,1,1,0
0,-1,1,1,0
0,-1,1,1,0
0,-1,1,1,0
0,-1,1,1,0
0,-1,1,1,0
0,-1,1,1,0
0,-1,1,1,0
0,-1,1,1,0
0,-1,1,1,0
0,-1,1,1,0
0,-1,1,1,0
0,-1,1,1,0
0,-1,1,1,0
0,-1,1,1,0
0,-1,1,1,0
0,-1,1,1,0
0,-1,1,1,0
0,-1,1,1,0
0,-1,1,1,0
0,-1,1,1,0
0,-1,1,1,0
0,-1,1,1,0
0,-1,1,1,0
0,-1,1,1,0
0,-1,1,1,0
0,-1,1,1,0
0,-1,1,1,0
0,-1,1,1,0
0,-1,1,1,0
0,-1,1,1,0
0,-1,1,1,0
0,-1,1,1,0
0,-1,1,1,0
0,-1,1,1,0
0,-1,1,1,0
0,-1,1,1,0
0,-1,1,1,0
0,-1,1,1,0
0,-1,1,1,0
0,-1,1,1,0
0,-1,1,1,0
0,-1,1,1,0
0,-1,1,1,0
0,-1,1,1,0
0,-1,1,1,0
0,-1,1,1,0
0,369,1,2,0
0,-1,1,1,0
0,-1,1,1,0
0,-1,1,1,0
0,-1,1,1,0
0,-1,1,1,0
0,-1,1,1,0
0,-1,1,1,0
0,248,1,2,0
0,-1,1,1,0
0,-1,1,1,0
0,-1,1,1,0
1,43,1,2,0
0,-1,1,1,0
0,-1,1,1,0
0,-1,1,1,0
0,-1,1,1,0
0,-1,1,1,0
0,-1,1,1,0
0,-1,1,1,0
0,-1,1,1,0
0,-1,1,1,0
0,-1,1,1,0
0,-1,1,1,0
0,-1,1,1,0
0,-1,1,1,0
0,-1,1,1,0
0,-1,1,1,0
0,-1,1,1,0
0,-1,1,1,0
0,-1,1,1,0
0,-1,1,1,0
0,-1,1,1,0
0,-1,1,1,0
0,-1,1,1,0
0,-1,1,1,0
0,-1,1,1,0
0,-1,1,1,0
0,-1,1,1,0
0,-1,1,1,0
0,-1,1,1,0
0,-1,1,1,0
0,-1,1,1,0
0,-1,1,1,0
0,-1,1,1,0
0,-1,1,1,0
0,-1,1,1,0
0,-1,1,1,0
0,-1,1,1,0
0,-1,1,1,0
0,-1,1,1,0
1,91,1,2,0
0,-1,1,1,0
0,-1,1,1,0
0,-1,1,1,0
0,-1,1,1,0
0,-1,1,1,0
0,-1,1,1,0
0,-1,1,1,0
0,-1,1,1,0
0,-1,1,1,0
0,-1,1,1,0
0,-1,1,1,0
0,-1,1,1,0
0,-1,1,1,0
0,-1,1,1,0
0,-1,1,1,0
0,-1,1,1,0
0,-1,1,1,0
0,-1,1,1,0
0,-1,1,1,0
0,-1,1,1,0
0,-1,1,1,0
0,-1,1,1,0
0,-1,1,1,0
0,-1,1,1,0
0,-1,1,1,0
0,-1,1,1,0
0,-1,1,1,0
0,-1,1,1,0
0,-1,1,1,0
0,-1,1,1,0
0,-1,1,1,0
0,-1,1,1,0
0,-1,1,1,0
0,-1,1,1,0
0,-1,1,1,0
0,-1,1,1,0
0,-1,1,1,0
0,-1,1,1,0
0,-1,1,1,0
0,-1,1,1,0
0,-1,1,1,0
0,-1,1,1,0
0,-1,1,1,0
0,-1,1,1,0
0,-1,1,1,0
0,-1,1,1,0
0,-1,1,1,0
0,-1,1,1,0
0,-1,1,1,0
0,-1,1,1,0
0,-1,1,1,0
0,-1,1,1,0
0,-1,1,1,0
0,-1,1,1,0
0,-1,1,1,0
0,-1,1,1,0
0,-1,1,1,0
0,-1,1,1,0
0,-1,1,1,0
0,-1,1,1,0
0,-1,1,1,0
0,-1,1,1,0
0,-1,1,1,0
0,-1,1,1,0
0,-1,1,1,0
0,-1,1,1,0
0,-1,1,1,0
0,-1,1,1,0
0,-1,1,1,0
0,-1,1,1,0
0,-1,1,1,0
0,-1,1,1,0
0,-1,1,1,0
0,-1,1,1,0
0,-1,1,1,0
0,-1,1,1,0
0,-1,1,1,0
0,-1,1,1,0
0,-1,1,1,0